label,cap-surface,gill-size,gill-color,ring-type,spore-print-color,population
p,s,n,k,p,k,s
e,s,b,n,p,n,n
p,y,n,n,p,k,s
e,s,b,k,e,n,a
e,y,b,n,p,k,n
e,s,b,g,p,k,n
e,y,b,n,p,n,s
p,y,n,p,p,k,v
e,s,b,g,p,k,s
e,y,b,g,p,n,n
e,y,b,n,p,k,s
e,s,b,w,p,n,s
p,y,n,k,p,n,v
e,f,b,n,e,k,a
e,f,n,k,p,n,y
e,f,b,k,e,n,a
p,y,n,n,p,n,s
p,s,n,k,p,n,s
e,s,b,k,p,n,s
p,y,n,n,p,n,v
e,y,b,k,p,n,s
e,y,b,w,p,n,n
e,s,b,g,p,k,s
p,s,n,n,p,n,v
e,y,b,n,p,n,n
e,s,n,n,p,n,v
e,y,b,n,p,n,n
e,y,b,p,p,n,y
e,y,b,n,p,n,s
e,f,n,w,p,n,v
e,f,n,k,p,k,v
p,y,n,w,p,n,s
e,f,n,p,p,n,v
e,s,b,k,p,k,s
e,y,b,n,p,k,y
p,y,n,p,p,n,v
e,s,b,w,p,k,n
e,y,b,k,p,k,s
e,s,b,w,p,n,n
e,y,b,n,p,n,s
e,y,b,w,p,k,s
e,s,b,k,p,k,s
e,s,b,k,p,n,n
p,y,n,k,p,n,v
p,s,n,k,p,k,v
e,f,b,n,e,n,a
e,s,b,w,p,n,n
e,s,b,k,p,k,n
e,y,b,p,p,k,y
e,f,n,k,p,n,v
e,y,b,k,p,n,s
e,s,b,g,p,n,s
e,y,b,g,p,n,n
e,y,b,n,p,n,s
e,s,b,k,e,k,a
e,s,b,n,p,k,s
e,f,n,p,p,n,v
e,f,n,p,p,n,v
e,y,b,g,p,n,s
e,f,n,w,p,n,v
e,y,b,p,p,k,s
e,s,n,p,p,n,v
e,y,b,p,p,n,y
e,y,b,n,p,n,y
e,s,b,k,e,n,s
p,y,n,w,p,k,s
e,f,n,n,p,n,y
e,f,b,n,e,n,s
e,y,b,w,p,k,s
e,s,b,k,e,k,s
e,s,b,w,p,k,s
e,s,b,n,p,n,s
e,y,b,w,p,k,y
e,f,n,n,p,n,v
e,f,n,n,p,n,y
e,s,b,k,p,k,s
e,y,b,g,p,k,s
e,y,b,g,p,k,n
e,s,b,n,e,n,a
e,s,b,g,p,n,s
e,y,b,p,p,n,s
e,s,b,n,p,k,n
e,s,b,g,p,n,s
e,y,b,g,p,k,s
e,f,b,p,e,k,s
e,s,b,n,p,k,n
e,y,b,n,p,k,y
e,y,b,g,p,n,n
e,y,b,n,p,k,s
e,y,b,g,p,n,s
e,s,b,k,p,k,n
e,s,b,w,p,k,n
e,f,n,g,p,k,y
e,s,b,n,p,k,n
p,y,n,n,p,n,v
e,y,b,p,p,n,s
e,f,n,p,p,n,y
e,y,b,w,p,k,y
e,s,n,p,p,u,v
e,f,n,k,p,n,y
p,s,n,k,p,k,v
p,y,n,p,p,k,v
e,s,b,k,e,n,a
e,s,b,n,e,k,s
e,s,b,w,p,n,n
e,s,b,n,p,k,n
e,s,b,n,p,n,s
e,s,b,w,p,n,s
e,y,b,w,p,n,s
e,s,n,w,p,u,v
e,y,b,g,p,k,s
e,s,n,p,p,n,v
p,y,n,w,p,n,v
e,f,n,w,p,n,v
e,y,b,n,p,n,s
p,s,n,p,p,n,v
e,y,b,w,p,k,y
e,y,b,g,p,k,n
e,f,n,k,p,n,v
e,y,b,k,p,k,n
e,f,b,k,e,k,s
e,f,b,k,e,n,a
e,y,b,w,p,n,n
e,s,b,k,p,k,n
e,y,b,g,p,k,n
e,y,b,w,p,n,s
e,s,b,p,e,n,a
e,y,b,g,p,n,s
e,f,n,k,p,k,v
e,s,n,w,p,u,v
e,y,b,w,p,k,s
e,y,b,k,p,n,n
e,y,b,k,p,n,n
e,y,b,n,p,k,s
e,s,b,g,p,k,s
e,y,b,n,p,n,y
e,y,b,k,p,n,s
e,y,b,w,p,n,y
e,s,b,w,p,n,s
e,s,b,w,p,k,s
e,y,b,w,p,k,y
e,s,b,k,p,k,s
e,f,n,g,p,n,y
e,s,b,k,p,n,s
e,f,n,n,p,u,v
e,y,b,w,p,k,s
e,y,b,p,p,n,s
e,y,b,w,p,k,n
e,y,b,g,p,n,n
e,s,b,g,p,n,n
p,y,n,p,p,n,v
e,f,n,g,p,n,y
e,f,n,g,p,k,v
e,y,b,p,p,k,s
p,y,n,k,p,k,s
e,s,b,g,p,n,s
e,f,n,p,p,k,v
e,y,b,g,p,n,n
e,y,b,w,p,n,y
e,f,b,p,e,k,s
e,s,n,w,p,n,v
e,s,b,w,p,n,s
e,s,n,w,p,n,v
e,s,b,n,p,k,s
e,s,b,g,p,n,n
e,y,b,n,p,n,s
e,s,n,n,p,n,v
e,y,b,w,p,n,s
e,s,b,w,p,k,s
e,s,b,g,p,k,n
e,f,b,h,e,k,s
e,y,b,n,p,k,y
p,s,n,k,p,n,v
e,s,b,n,p,n,n
e,s,b,k,p,k,s
e,y,b,n,p,n,n
e,y,b,w,p,k,n
e,s,b,w,p,k,s
e,s,b,w,p,k,n
e,f,n,n,p,n,v
e,y,b,n,p,n,s
e,s,b,n,p,k,n
e,y,b,k,p,k,s
e,y,b,w,p,n,s
e,s,b,n,p,n,n
p,s,n,k,p,k,s
e,y,b,n,p,n,s
e,f,n,p,p,n,v
e,y,b,g,p,k,n
e,y,b,n,p,k,s
e,s,b,g,p,n,n
e,s,b,g,p,n,s
p,y,n,p,p,k,v
e,s,b,n,p,n,n
e,f,n,k,p,k,v
e,s,b,k,p,n,n
e,f,n,w,p,n,v
e,y,b,n,p,n,s
e,y,b,n,p,k,s
e,y,b,p,p,k,s
e,y,b,w,p,k,y
e,s,b,w,p,k,s
p,s,n,n,p,k,v
e,f,n,p,p,u,v
e,s,b,w,p,n,s
e,s,n,p,p,u,v
e,y,b,n,p,k,s
e,y,b,w,p,k,y
e,y,b,w,p,n,y
p,s,n,p,p,n,s
e,y,b,w,p,n,s
e,y,b,k,p,n,n
e,f,n,k,p,n,v
e,s,b,w,p,k,n
e,y,b,g,p,n,n
e,y,b,w,p,n,s
p,y,n,k,p,k,v
e,s,b,n,p,n,n
e,y,b,n,p,n,s
e,f,n,g,p,k,v
e,s,b,p,e,k,a
e,y,b,g,p,n,s
e,s,b,k,p,n,s
e,s,b,n,p,k,n
p,s,n,w,p,k,v
e,y,b,k,p,n,s
e,y,b,k,p,n,n
e,y,b,n,p,n,s
e,y,b,w,p,n,s
e,y,b,w,p,n,y
e,y,b,w,p,n,n
e,f,b,h,e,k,s
e,s,b,k,p,n,n
p,y,n,w,p,n,s
e,s,b,k,p,k,s
e,y,b,n,p,k,n
e,y,b,n,p,k,s
e,y,b,g,p,k,s
e,y,b,n,p,n,y
e,f,n,p,p,n,y
e,f,n,g,p,k,y
e,y,b,n,p,k,s
e,s,b,n,p,k,s
e,y,b,k,p,n,s
e,s,b,g,p,k,s
e,s,b,g,p,n,n
e,s,b,k,p,k,s
e,s,n,p,p,n,v
p,y,n,p,p,k,s
e,f,b,k,e,k,a
e,y,b,w,p,k,s
e,s,n,w,p,n,v
e,y,b,n,p,k,s
e,y,b,g,p,k,s
e,f,b,p,p,n,y
e,y,b,k,p,n,s
e,s,b,g,p,n,n
e,y,b,p,p,k,y
e,f,b,n,e,n,s
e,s,b,w,p,k,s
p,y,n,n,p,n,v
e,y,b,n,p,k,s
e,f,n,p,p,n,v
e,s,b,g,p,n,n
p,y,n,k,p,k,v
e,y,b,k,p,k,n
e,f,n,n,p,n,v
e,s,n,w,p,n,v
e,y,b,k,p,n,s
e,y,b,n,p,k,s
e,y,b,p,p,n,s
e,y,b,k,p,k,n
e,s,b,n,p,n,s
p,y,n,n,p,n,v
e,s,b,w,p,k,n
e,y,b,g,p,k,n
p,y,n,w,p,k,v
e,s,b,n,p,k,s
e,y,b,w,p,n,n
e,y,b,n,p,k,s
e,y,b,g,p,n,n
e,y,b,w,p,k,y
e,f,n,g,p,n,v
e,y,b,n,p,k,y
e,s,b,g,p,k,s
e,f,n,p,p,n,v
e,f,b,n,e,n,a
e,f,n,n,p,n,v
e,s,b,n,p,n,n
e,s,b,n,e,k,s
e,f,n,g,p,n,y
e,s,b,h,e,n,a
e,y,b,p,p,n,s
e,y,b,k,p,n,s
e,s,b,k,p,k,s
e,y,b,w,p,k,s
e,f,n,g,p,n,v
e,y,b,p,p,n,y
e,f,b,h,e,n,s
e,f,b,p,e,k,a
e,s,b,k,e,k,a
e,y,b,n,p,n,s
e,f,n,p,p,k,v
e,y,b,w,p,n,s
e,f,n,p,p,u,v
e,y,b,g,p,n,n
e,f,b,n,e,k,s
e,f,n,n,p,n,y
e,s,b,k,p,k,s
e,s,b,n,p,k,n
e,y,b,n,p,n,n
e,y,b,k,p,n,n
e,y,b,k,p,n,s
p,y,n,p,p,k,s
e,s,b,k,e,n,s
e,y,b,w,p,k,s
e,s,b,g,p,n,n
e,f,b,n,p,n,y
p,s,n,w,p,n,s
e,s,b,n,e,k,a
e,y,b,n,p,k,n
e,s,b,w,p,n,n
e,s,b,g,p,k,n
e,y,b,n,p,n,n
e,f,n,k,p,n,v
e,y,b,w,p,k,s
e,f,b,h,e,n,a
e,s,b,k,p,n,n
e,y,b,w,p,n,s
e,f,n,n,p,k,v
e,y,b,n,p,k,n
p,y,n,p,p,n,v
e,s,b,w,p,n,s
e,s,b,k,p,n,s
e,y,b,n,p,k,s
e,y,b,n,p,n,n
e,s,b,g,p,n,s
e,s,b,g,p,k,s
e,y,b,w,p,n,y
e,s,b,w,p,n,s
e,s,b,n,e,k,s
e,y,b,n,p,n,s
e,y,b,n,p,k,y
p,y,n,k,p,k,v
e,y,b,w,p,n,n
e,f,n,p,p,u,v
p,s,n,w,p,k,s
e,y,b,k,p,k,n
e,f,b,h,e,n,a
e,y,b,w,p,k,s
e,s,b,n,p,n,n
e,s,n,n,p,n,v
e,y,b,n,p,n,y
e,s,b,p,e,k,a
e,f,n,n,p,n,v
e,y,b,g,p,n,s
e,y,b,n,p,n,y
e,s,b,g,p,n,s
e,s,b,w,p,k,s
e,s,n,n,p,n,v
e,s,b,w,p,k,n
e,f,n,n,p,u,v
e,y,b,k,p,n,n
e,y,b,p,p,n,y
e,y,b,n,p,k,s
e,y,b,g,p,k,s
e,y,b,p,p,k,y
e,s,b,w,p,k,n
e,y,b,p,p,k,s
e,y,b,n,p,k,s
e,s,b,w,p,k,s
e,s,b,g,p,k,n
e,s,b,g,p,n,n
e,s,b,h,e,k,a
e,s,b,k,p,n,n
e,s,b,w,p,k,s
e,y,b,w,p,n,y
e,y,b,n,p,n,s
e,y,b,w,p,n,n
e,f,n,k,p,k,v
e,y,b,p,p,n,y
e,s,b,g,p,k,n
e,s,b,g,p,k,n
e,y,b,g,p,k,n
e,y,b,w,p,n,s
e,y,b,g,p,k,n
e,y,b,w,p,k,n
e,f,n,k,p,k,y
e,s,n,n,p,n,v
e,f,n,k,p,k,y
e,f,n,p,p,n,y
e,s,n,p,p,n,v
e,y,b,n,p,k,s
e,y,b,k,p,k,s
e,f,n,g,p,k,y
e,s,n,w,p,n,v
e,y,b,p,p,k,y
e,y,b,w,p,n,s
e,f,n,p,p,n,y
e,y,b,n,p,k,s
e,y,b,n,p,k,s
e,f,n,n,p,u,v
p,s,n,p,p,n,s
p,s,n,k,p,n,v
e,y,b,w,p,n,s
e,y,b,w,p,k,s
e,s,b,k,p,n,n
e,f,b,h,e,n,a
e,y,b,n,p,n,s
e,y,b,g,p,k,n
e,s,b,w,p,k,s
e,y,b,w,p,n,s
p,s,n,n,p,n,v
e,s,b,p,e,n,s
e,s,b,p,e,n,a
e,f,n,p,p,n,v
e,f,n,k,p,n,y
e,y,b,k,p,k,s
e,f,n,n,p,u,v
e,f,n,n,p,n,v
e,f,n,k,p,n,v
e,y,b,n,p,k,y
e,s,b,k,p,k,n
e,y,b,k,p,n,n
e,s,b,w,p,k,n
e,s,b,n,p,k,s
e,y,b,p,p,n,y
p,s,n,n,p,n,s
e,f,n,n,p,k,y
e,s,b,w,p,n,s
e,y,b,w,p,n,s
e,s,b,k,p,n,s
e,f,n,k,p,k,y
e,y,b,w,p,n,y
e,s,b,n,p,k,s
p,y,n,n,p,k,s
e,y,b,w,p,k,y
p,s,n,k,p,k,s
e,f,b,k,e,k,s
e,y,b,k,p,k,s
e,y,b,g,p,n,s
e,s,n,p,p,u,v
e,s,b,n,p,k,s
e,f,b,p,e,k,s
p,y,n,n,p,n,s
e,y,b,p,p,k,s
e,f,b,n,e,k,a
e,s,b,w,p,k,s
e,y,b,g,p,n,s
e,f,n,p,p,u,v
e,s,b,g,p,n,n
e,f,n,n,p,n,y
e,f,b,h,e,n,s
e,y,b,p,p,k,s
e,s,n,p,p,n,v
e,s,b,k,p,k,s
e,y,b,p,p,k,y
p,y,n,k,p,k,v
e,s,b,w,p,k,n
e,y,b,g,p,n,n
e,s,b,g,p,n,s
e,s,n,w,p,u,v
e,s,n,n,p,u,v
e,f,b,n,e,k,s
e,s,b,w,p,n,s
p,y,n,w,p,k,v
e,y,b,g,p,n,n
e,s,b,k,e,k,s
p,s,n,n,p,n,s
e,y,b,w,p,k,n
e,s,b,k,p,k,n
e,f,n,n,p,n,v
e,y,b,w,p,n,y
e,s,b,w,p,n,s
e,f,n,p,p,n,v
e,s,b,n,p,n,s
e,y,b,w,p,n,y
e,s,b,g,p,n,n
e,s,b,w,p,n,s
e,y,b,k,p,k,n
e,y,b,w,p,k,s
e,f,n,g,p,k,v
e,f,n,n,p,k,y
e,f,n,n,p,k,v
e,y,b,n,p,k,n
p,s,n,k,p,k,s
e,y,b,g,p,k,s
p,y,n,k,p,n,s
e,s,b,g,p,k,n
p,s,n,p,p,k,v
e,s,b,n,p,k,n
e,y,b,g,p,k,s
p,y,n,p,p,n,s
e,s,b,n,e,n,a
e,y,b,w,p,n,y
e,f,b,k,e,n,a
e,y,b,w,p,k,s
e,s,b,n,p,k,n
e,y,b,n,p,k,y
e,s,b,w,p,k,s
e,f,n,n,p,k,v
e,s,b,h,e,n,a
e,f,b,n,e,n,s
e,s,b,p,e,k,a
p,s,n,k,p,n,s
e,y,b,p,p,k,s
e,s,b,g,p,k,s
e,f,b,p,e,k,a
e,y,b,g,p,k,s
e,s,b,n,p,n,n
e,f,n,n,p,n,y
e,s,b,w,p,n,n
e,f,n,p,p,k,y
e,s,b,g,p,k,s
e,f,n,p,p,k,y
e,y,b,g,p,n,s
e,f,b,n,e,n,s
e,f,b,n,p,k,v
e,y,b,n,p,k,s
e,y,b,w,p,n,s
e,y,b,p,p,k,s
e,y,b,n,p,k,n
e,s,b,h,e,k,s
e,y,b,g,p,k,s
e,y,b,w,p,k,s
e,y,b,w,p,k,y
e,s,n,n,p,u,v
e,y,b,n,p,k,s
e,f,n,p,p,u,v
e,s,b,n,p,k,s
e,s,b,n,p,n,n
e,y,b,w,p,k,y
p,y,n,w,p,k,v
e,f,b,k,e,n,s
e,s,b,g,p,k,n
e,y,b,w,p,k,y
e,f,n,k,p,n,y
e,s,b,n,p,k,s
e,s,b,k,p,k,s
p,y,n,n,p,k,s
p,s,n,k,p,n,s
e,s,b,g,p,n,s
e,s,b,w,p,n,n
e,y,b,w,p,n,s
e,y,b,n,p,n,y
e,f,n,p,p,n,v
e,f,b,p,e,k,a
e,f,n,w,p,u,v
e,y,b,w,p,n,s
e,f,n,g,p,k,y
e,f,n,k,p,n,v
e,y,b,n,p,n,y
e,y,b,w,p,n,y
e,s,b,g,p,k,s
e,s,n,n,p,n,v
e,f,n,w,p,u,v
e,s,b,w,p,k,n
e,f,b,p,p,n,v
e,f,n,k,p,k,v
e,y,b,n,p,n,s
e,y,b,w,p,k,n
e,s,b,w,p,k,s
e,y,b,k,p,k,s
e,s,b,k,e,n,a
p,y,n,p,p,n,s
e,y,b,n,p,n,s
e,s,b,w,p,n,s
e,s,b,n,e,n,a
p,s,n,w,p,k,s
e,f,b,h,e,n,a
e,y,b,n,p,k,s
e,y,b,k,p,k,n
e,y,b,p,p,n,s
e,y,b,p,p,k,y
e,f,n,p,p,k,y
e,s,b,k,p,n,n
e,y,b,g,p,k,n
e,y,b,w,p,k,s
e,s,b,p,e,n,a
e,s,b,w,p,n,s
e,y,b,w,p,n,n
e,y,b,k,p,k,s
e,y,b,n,p,n,s
e,y,b,n,p,k,s
e,y,b,n,p,n,s
e,f,n,g,p,k,v
e,y,b,n,p,n,s
e,s,n,w,p,n,v
e,s,b,p,e,n,a
e,y,b,n,p,k,s
p,y,n,k,p,n,v
e,s,b,w,p,n,n
e,s,b,n,p,n,s
e,y,b,w,p,k,y
e,f,b,n,e,n,s
e,y,b,g,p,k,n
e,y,b,w,p,n,s
e,f,n,w,p,n,v
p,y,n,w,p,k,s
e,f,n,p,p,k,v
e,f,n,p,p,k,v
e,s,b,n,p,k,s
e,y,b,p,p,k,s
e,y,b,k,p,n,n
e,y,b,n,p,n,n
e,y,b,w,p,n,s
e,y,b,w,p,k,s
p,s,n,w,p,n,v
e,s,n,n,p,u,v
e,y,b,n,p,n,s
e,s,n,n,p,u,v
e,y,b,w,p,k,s
e,y,b,k,p,n,n
e,s,b,n,p,k,n
e,y,b,n,p,n,y
e,s,b,n,e,n,a
e,y,b,n,p,k,y
e,s,b,g,p,n,n
e,y,b,p,p,k,y
e,s,b,g,p,n,n
e,f,n,g,p,n,v
e,y,b,w,p,k,s
e,f,n,g,p,n,y
e,s,b,k,p,k,n
e,s,b,w,p,n,n
e,s,b,k,p,n,s
e,y,b,k,p,k,n
e,f,b,h,e,k,a
e,y,b,p,p,n,s
p,y,n,k,p,n,s
e,y,b,p,p,n,y
e,y,b,w,p,k,s
e,f,n,g,p,k,y
e,y,b,w,p,k,s
e,s,b,w,p,k,n
p,s,n,w,p,k,v
e,f,n,n,p,k,v
p,y,n,k,p,n,s
e,y,b,p,p,k,y
e,y,b,p,p,k,y
e,y,b,k,p,k,n
e,s,b,n,p,n,n
p,y,n,n,p,n,s
e,s,b,h,e,k,s
p,s,n,k,p,n,v
e,y,b,w,p,n,s
e,s,b,n,p,k,n
e,y,b,w,p,n,n
p,s,n,n,p,n,v
e,y,b,k,p,n,n
e,y,b,w,p,k,s
e,y,b,k,p,k,s
e,y,b,p,p,k,y
e,s,n,p,p,n,v
e,s,b,g,p,k,n
p,y,n,p,p,k,v
p,s,n,k,p,k,v
e,s,b,n,p,k,s
e,y,b,p,p,k,y
e,y,b,n,p,k,y
e,s,n,w,p,n,v
e,y,b,k,p,n,n
e,s,b,w,p,n,n
e,f,n,k,p,k,v
e,s,b,n,p,k,s
e,y,b,w,p,k,s
e,f,n,n,p,n,v
e,f,n,w,p,u,v
e,s,b,g,p,n,s
e,s,n,p,p,u,v
e,f,n,p,p,k,v
e,f,n,w,p,n,v
e,y,b,p,p,k,y
e,y,b,w,p,n,s
e,y,b,p,p,n,y
e,y,b,w,p,k,s
e,y,b,w,p,k,s
p,y,n,w,p,n,v
e,s,b,n,p,n,s
e,f,n,n,p,k,y
e,s,b,g,p,k,n
e,f,b,k,e,n,s
e,y,b,n,p,n,s
e,s,b,k,p,n,n
e,s,b,k,p,n,s
e,f,n,g,p,n,y
e,f,b,p,e,n,a
e,f,n,n,p,k,v
e,y,b,p,p,k,s
e,s,n,n,p,u,v
e,s,b,n,p,n,s
e,s,b,k,p,k,n
p,s,n,p,p,k,v
e,y,b,w,p,n,y
e,y,b,g,p,n,n
e,y,b,w,p,n,s
e,y,b,k,p,k,s
e,f,n,n,p,n,v
e,y,b,p,p,n,y
e,s,b,k,p,n,n
e,y,b,p,p,k,y
e,s,b,w,p,n,n
e,f,b,n,p,k,v
e,s,b,n,p,n,s
e,y,b,p,p,n,s
e,y,b,k,p,n,n
e,s,b,k,p,k,n
e,y,b,w,p,n,y
e,s,b,n,p,n,n
e,f,n,w,p,n,v
e,s,b,n,e,n,s
e,y,b,w,p,k,n
e,y,b,n,p,k,n
e,y,b,n,p,k,s
e,s,b,n,p,n,s
e,y,b,n,p,n,y
e,y,b,w,p,k,y
e,s,b,g,p,n,n
e,f,b,u,p,n,y
e,s,b,n,p,k,n
e,s,b,g,p,n,s
e,s,b,k,p,n,s
e,y,b,p,p,n,s
e,y,b,k,p,k,n
e,s,b,k,p,k,n
e,y,b,k,p,k,s
e,y,b,n,p,k,y
e,s,b,p,e,k,s
e,s,b,h,e,n,s
e,s,b,w,p,n,n
e,f,b,p,e,k,s
p,s,n,n,p,k,s
e,f,b,p,e,n,s
e,s,b,k,p,k,n
e,f,b,p,e,k,a
e,f,b,n,e,k,a
e,s,b,k,p,n,n
e,s,b,n,p,n,s
e,y,b,n,p,n,y
e,f,b,k,e,n,a
e,s,b,h,e,k,s
e,f,b,p,e,k,a
e,s,b,p,e,n,a
e,s,n,w,p,u,v
e,s,b,h,e,n,a
e,s,b,k,e,k,a
p,y,n,w,p,k,s
e,f,n,k,p,n,y
e,s,b,n,p,n,n
e,s,b,h,e,k,a
p,s,n,n,p,n,v
e,s,b,k,p,n,s
e,s,b,p,e,k,s
e,y,b,w,p,k,n
e,f,b,p,e,k,s
e,y,b,n,p,n,n
e,f,b,n,e,k,s
p,s,n,w,p,n,s
e,f,b,p,e,n,s
e,f,b,h,e,n,a
e,f,b,n,e,k,s
e,y,b,w,p,k,s
e,f,b,n,e,k,a
p,y,n,w,p,n,v
p,y,n,w,p,n,s
e,s,b,n,p,k,s
e,s,b,h,e,n,a
e,f,b,n,e,n,a
e,f,b,h,e,n,s
p,s,n,w,p,k,v
e,y,b,n,p,k,v
e,y,b,k,p,n,n
e,f,b,n,e,k,a
e,f,b,n,p,k,v
e,f,b,n,p,n,y
e,s,b,k,e,k,s
p,s,n,w,p,k,s
e,f,b,n,p,k,y
e,s,b,k,e,k,s
e,f,b,k,e,k,s
e,f,b,n,e,n,s
e,f,b,n,p,k,v
e,f,b,n,e,k,s
e,f,b,u,p,k,y
e,s,b,p,e,k,s
e,y,b,n,p,k,n
e,f,b,n,p,k,y
e,y,b,k,p,n,s
e,f,b,p,e,k,a
e,s,b,g,p,k,s
e,f,b,h,e,k,s
p,s,n,n,p,k,s
e,f,b,n,e,n,s
e,s,b,n,e,n,a
e,s,b,k,e,k,a
e,y,b,n,p,n,n
e,s,b,p,e,k,a
e,f,n,n,p,k,v
e,s,b,k,e,k,s
e,s,b,n,e,k,a
e,y,b,n,p,n,s
e,s,n,w,p,u,v
e,s,b,k,e,n,s
e,y,b,p,p,n,y
e,s,b,p,e,n,a
e,s,b,k,e,n,a
e,f,b,p,e,n,s
e,y,b,g,p,n,s
e,s,b,k,e,k,s
e,y,b,p,p,n,s
e,s,b,n,e,k,s
e,f,b,h,e,k,s
e,f,n,p,p,u,v
e,y,b,n,p,n,s
e,f,b,p,p,n,y
p,s,n,w,p,n,s
e,f,b,n,e,n,a
e,s,b,w,p,k,n
e,y,b,k,p,k,n
e,y,b,w,p,n,s
p,y,n,n,p,k,v
p,y,n,p,p,n,s
e,s,n,w,p,u,v
e,y,b,k,p,k,n
e,s,b,k,e,k,a
e,f,b,u,p,n,y
e,f,b,p,e,n,s
e,f,b,p,e,n,s
e,s,b,p,e,n,s
e,f,b,p,e,k,a
e,y,b,k,p,k,s
e,f,n,n,p,n,v
e,f,n,k,p,k,y
p,s,n,p,p,k,s
e,y,b,w,p,n,y
e,y,b,n,p,k,s
e,f,b,h,e,k,a
e,y,b,u,p,n,v
e,s,b,h,e,n,a
e,s,b,w,p,n,s
e,f,b,h,e,n,s
p,y,n,n,p,n,s
e,f,b,k,e,k,a
e,f,b,w,p,k,v
e,f,b,u,p,k,y
e,f,b,p,e,n,a
e,y,b,w,p,n,s
e,f,b,k,e,k,s
e,f,n,p,p,n,v
e,s,b,k,e,n,s
e,f,b,h,e,n,s
e,s,n,n,p,n,v
e,s,b,k,e,n,s
e,f,b,n,e,n,s
p,y,n,k,p,k,s
e,f,n,p,p,u,v
e,f,b,p,e,n,a
e,f,b,u,p,k,v
e,y,b,n,p,n,s
e,s,b,h,e,n,a
p,y,n,k,p,n,v
e,s,b,k,p,n,s
e,f,b,p,p,k,y
e,y,b,p,p,k,s
e,s,b,k,e,k,a
e,f,n,p,p,n,y
e,f,b,k,e,n,s
e,y,b,p,p,k,s
e,f,b,h,e,k,a
p,y,n,k,p,n,v
e,f,b,n,e,k,s
e,s,b,w,p,k,n
e,f,b,p,e,n,s
e,y,b,n,p,n,n
e,y,b,w,p,k,n
p,y,n,n,p,k,v
e,y,b,w,p,k,s
e,y,b,n,p,k,y
e,f,b,n,e,n,a
e,f,n,n,p,u,v
e,s,b,p,e,n,a
p,y,n,n,p,k,v
e,f,b,p,e,k,a
e,f,b,h,e,k,s
p,y,n,n,p,n,s
e,f,b,h,e,n,s
e,f,b,n,e,n,a
e,s,b,n,e,k,a
p,y,n,n,p,k,v
e,f,b,k,e,n,a
e,y,b,k,p,n,n
e,s,b,h,e,n,a
p,s,n,n,p,k,s
e,y,b,w,p,n,s
e,f,b,p,e,k,s
e,s,b,h,e,n,s
e,f,b,k,e,k,s
e,f,b,k,e,k,a
e,f,b,p,p,k,v
e,s,n,p,p,u,v
e,s,b,p,e,k,a
e,s,b,k,p,n,n
e,f,b,h,e,n,a
p,s,n,p,p,n,v
e,f,b,n,e,k,a
p,s,n,p,p,k,s
e,y,b,g,p,k,n
e,f,b,h,e,k,s
e,f,b,n,p,n,y
e,f,b,h,e,n,a
e,f,b,n,e,n,a
e,f,b,h,e,n,s
e,s,b,k,e,k,a
e,s,b,k,e,k,s
e,f,b,n,e,n,a
e,f,b,h,e,k,a
e,s,b,h,e,k,a
e,s,b,p,e,k,a
e,y,b,n,p,k,y
p,y,n,k,p,n,v
e,s,b,h,e,k,a
p,y,n,n,p,k,v
e,y,b,k,p,n,s
e,s,b,n,e,k,s
e,f,b,n,e,n,s
e,s,b,h,e,k,s
e,y,b,g,p,n,n
e,f,b,n,e,k,s
e,f,b,p,p,n,v
e,y,b,p,p,k,s
e,s,b,k,e,k,s
e,s,b,w,p,n,n
p,s,n,k,p,k,v
e,f,b,p,p,k,y
e,s,b,n,e,k,s
e,s,b,g,p,n,n
e,s,b,n,e,k,s
e,f,b,u,p,k,v
e,f,b,p,e,n,a
e,f,n,p,p,k,y
e,y,b,g,p,k,s
e,f,b,k,e,n,a
e,y,b,w,p,k,s
e,y,b,p,p,k,y
e,y,b,p,p,k,y
e,f,b,h,e,n,a
e,y,b,n,p,k,n
e,s,b,n,e,n,a
e,s,b,h,e,k,a
p,s,n,p,p,k,v
e,y,b,n,p,n,s
e,f,b,p,e,n,s
e,f,b,p,e,k,s
e,s,b,w,p,n,s
e,f,b,p,p,n,v
e,y,b,p,p,n,s
e,s,b,g,p,k,n
p,s,n,k,p,k,s
e,f,b,k,e,k,s
e,y,b,n,p,n,n
e,s,b,k,p,n,n
e,s,b,w,p,k,n
e,s,b,k,e,k,s
p,s,n,n,p,n,s
e,s,b,h,e,n,a
e,f,b,h,e,k,a
p,y,n,p,p,k,s
e,s,b,h,e,k,a
e,f,b,p,e,n,s
e,s,b,p,e,k,a
e,y,b,n,p,k,y
e,f,b,n,e,k,a
e,f,b,n,e,k,a
p,s,n,k,p,n,v
e,f,b,p,e,k,s
e,f,b,h,e,n,a
e,f,b,k,e,n,s
e,s,b,k,e,n,s
e,f,b,k,e,n,a
e,s,b,p,e,k,a
e,f,b,k,e,k,s
e,y,b,w,p,n,v
e,f,b,p,e,k,a
p,s,n,p,p,n,v
e,y,b,w,p,k,y
e,f,b,n,e,n,s
e,f,b,k,e,k,a
e,f,b,p,e,n,a
e,s,b,h,e,k,a
e,f,b,p,e,k,a
e,s,b,p,e,k,a
e,s,b,h,e,k,s
e,s,b,k,e,n,a
p,s,n,p,p,k,s
e,s,b,k,e,n,s
e,f,b,k,e,k,a
e,s,b,h,e,n,a
e,s,b,k,e,k,a
e,f,b,n,e,k,a
e,f,b,k,e,n,a
e,y,b,n,p,n,y
e,f,b,n,p,n,v
e,s,b,k,e,n,a
p,y,n,p,p,n,v
e,s,b,p,e,n,a
p,s,n,k,p,n,s
e,f,b,h,e,k,s
e,s,b,h,e,n,a
p,s,n,w,p,k,v
p,y,n,p,p,k,v
p,y,n,w,p,k,v
p,s,n,k,p,k,s
p,y,n,k,p,k,v
e,y,b,n,p,n,y
e,s,b,n,e,k,s
e,s,b,n,e,n,s
e,f,b,k,e,n,a
e,f,b,h,e,k,s
p,s,n,k,p,k,s
e,f,b,p,e,n,a
e,f,b,n,e,n,s
e,s,b,h,e,k,s
e,s,b,h,e,n,s
e,y,b,w,p,k,n
e,s,b,n,e,n,a
e,f,b,n,e,k,s
e,s,b,n,e,n,s
e,f,b,h,e,k,a
p,y,n,n,p,k,s
e,s,b,h,e,k,s
e,f,b,p,p,k,y
e,s,b,n,e,k,a
e,f,b,n,p,k,v
p,s,n,k,p,n,v
e,s,b,k,e,n,a
e,f,b,u,p,n,v
e,s,b,k,e,k,s
e,s,b,n,e,n,a
e,s,b,p,e,n,a
e,f,b,k,e,k,a
e,s,b,h,e,n,s
e,f,b,n,p,n,y
e,s,b,k,e,n,a
e,s,b,h,e,n,s
e,f,b,p,e,n,s
e,s,b,k,e,n,s
e,s,b,h,e,n,a
e,s,b,p,e,n,s
p,s,n,k,p,n,s
e,f,b,n,e,n,a
e,y,b,k,p,k,n
e,s,b,k,e,n,s
e,f,b,n,p,k,y
e,s,b,n,p,k,s
e,s,b,p,e,k,s
e,f,b,n,p,n,y
p,s,n,n,p,n,s
e,f,b,n,e,k,s
p,y,n,k,p,n,s
e,s,b,k,e,n,a
e,s,b,g,p,k,n
e,s,b,k,e,n,a
e,s,b,k,e,n,a
e,f,b,k,e,k,s
e,f,b,k,e,k,s
e,s,b,n,e,k,a
e,f,b,p,e,n,a
e,s,b,h,e,k,a
e,f,b,n,p,k,y
e,s,b,p,e,n,a
e,f,b,u,p,n,y
e,y,b,n,p,n,n
e,f,b,k,e,k,s
e,s,b,n,e,k,a
e,f,b,h,e,n,a
p,s,n,w,p,k,s
e,f,b,n,p,n,y
e,s,b,n,e,n,s
e,f,b,h,e,k,a
p,y,n,k,p,n,v
e,s,b,p,e,k,s
e,f,b,p,p,n,y
e,y,b,u,p,n,v
e,y,b,p,p,n,v
e,s,b,k,e,n,s
e,s,b,h,e,n,s
e,s,b,p,e,k,a
e,f,b,n,e,k,s
e,f,b,p,e,k,a
e,f,b,n,e,n,a
e,s,b,n,e,k,s
e,f,b,p,e,n,a
e,f,b,k,e,k,a
e,s,b,p,e,n,s
e,f,b,k,e,n,a
e,f,b,n,e,k,a
e,s,b,p,e,n,a
e,f,b,n,p,k,v
e,f,b,n,e,n,a
e,f,b,p,e,k,s
e,s,b,p,e,k,s
e,f,b,h,e,k,s
e,s,b,g,p,k,s
p,y,n,p,p,k,s
e,f,b,k,e,k,s
e,f,b,p,e,k,s
e,s,b,k,e,n,a
p,y,n,n,p,n,v
e,s,b,n,e,k,a
e,s,b,h,e,k,a
e,f,b,h,e,k,a
e,f,b,k,e,n,s
e,f,b,w,p,n,v
e,f,b,p,p,k,v
e,f,b,k,e,n,s
e,f,b,w,p,k,y
e,s,b,h,e,n,s
e,s,b,h,e,k,a
e,s,b,p,e,k,s
e,f,b,k,e,k,s
e,s,b,k,e,n,s
e,s,b,h,e,k,s
e,s,b,p,e,n,s
p,y,n,k,p,n,s
e,s,b,k,e,k,s
e,y,b,p,p,n,y
e,s,b,n,e,n,a
e,s,b,h,e,n,a
p,y,n,p,p,n,s
e,s,b,h,e,k,a
e,s,b,n,e,n,s
e,f,b,k,e,k,s
e,s,b,p,e,k,s
e,s,b,n,e,n,a
e,f,b,n,e,n,a
e,f,b,k,e,n,a
e,f,b,h,e,k,a
e,y,b,g,p,n,s
e,s,b,n,e,k,a
e,s,b,h,e,n,s
e,s,b,k,e,k,a
p,s,n,w,p,n,s
e,s,b,p,e,k,s
e,f,b,n,p,n,v
e,s,b,n,e,k,a
e,s,b,p,e,n,s
e,s,b,h,e,k,s
e,y,b,n,p,k,s
e,s,b,p,e,n,s
e,f,b,p,p,k,v
p,y,n,w,p,k,s
p,s,n,p,p,n,s
e,f,b,u,p,k,y
e,y,b,g,p,k,n
p,y,n,k,p,k,s
e,f,b,p,e,k,a
e,s,b,n,e,n,s
e,f,b,n,p,k,y
e,s,b,h,e,k,a
e,f,b,p,e,k,s
p,y,n,p,p,n,s
p,y,n,w,p,k,v
e,s,b,p,e,k,s
e,f,b,n,p,k,v
e,s,b,k,e,n,s
p,s,n,k,p,n,v
e,f,b,n,e,n,a
p,y,n,p,p,n,v
e,s,b,n,e,k,a
e,f,b,p,e,k,s
e,s,b,n,e,n,a
e,f,b,p,p,n,v
e,s,b,k,e,k,s
e,s,n,n,p,u,v
e,f,b,p,e,n,s
e,y,b,p,p,k,v
e,s,n,p,p,u,v
e,f,b,h,e,k,a
e,s,b,n,e,k,s
e,y,b,u,p,n,y
e,s,b,p,e,k,a
e,f,b,p,e,n,s
e,f,b,h,e,n,a
e,s,b,p,e,k,a
e,f,b,k,e,n,a
p,y,n,p,p,k,s
e,f,b,k,e,n,s
e,s,b,n,e,k,s
e,f,b,p,e,k,s
e,s,b,k,e,k,a
e,y,b,n,p,k,y
p,y,n,n,p,k,v
e,f,b,p,e,k,a
e,s,b,k,e,k,s
e,s,b,h,e,n,s
p,s,n,p,p,n,s
e,s,b,n,e,k,s
e,s,b,p,e,k,s
e,f,b,n,e,k,a
e,f,b,n,e,k,s
e,s,b,h,e,n,s
e,s,b,p,e,n,s
e,f,b,k,e,k,a
e,f,b,p,e,k,s
e,f,b,p,e,n,a
e,f,b,k,e,n,s
e,f,b,p,p,n,y
p,s,n,w,p,k,s
e,f,b,p,p,n,y
e,f,b,h,e,n,a
e,f,b,p,p,k,y
e,f,b,n,e,n,a
e,y,b,g,p,k,s
e,f,n,p,p,u,v
e,f,b,n,e,n,a
e,f,b,h,e,n,a
e,f,b,n,e,n,s
e,y,b,g,p,k,s
e,f,b,h,e,k,s
e,y,b,n,p,n,s
e,s,b,n,e,k,s
e,s,b,k,e,n,a
e,f,b,n,e,n,s
e,s,b,n,e,n,a
e,s,b,n,e,n,s
e,s,b,n,e,k,s
e,y,b,g,p,k,n
p,y,n,n,p,k,s
e,s,b,h,e,n,s
p,s,n,n,p,n,s
e,s,b,h,e,k,s
e,f,b,k,e,n,s
p,s,n,p,p,n,s
e,s,b,p,e,k,a
e,s,b,p,e,k,s
e,f,b,n,e,k,a
e,s,b,h,e,k,a
e,f,b,p,e,k,a
e,y,b,u,p,k,y
p,s,n,k,p,k,s
e,f,b,k,e,k,s
e,y,b,w,p,k,y
e,f,b,k,e,k,a
e,s,b,g,p,k,n
e,s,b,k,e,k,a
e,f,b,n,e,k,a
e,f,b,h,e,n,a
e,y,b,w,p,k,n
e,s,b,p,e,n,a
e,s,b,h,e,k,s
e,f,b,h,e,n,a
e,s,b,p,e,k,s
e,f,b,p,p,n,v
e,y,b,g,p,n,n
p,y,n,p,p,k,s
p,s,n,k,p,k,v
e,s,b,n,e,n,a
e,f,b,k,e,k,a
e,s,b,n,e,n,s
e,s,b,g,p,k,s
e,s,b,k,e,k,a
e,s,b,k,e,k,s
p,y,n,p,p,k,v
e,f,b,n,e,k,a
p,y,n,n,p,k,s
e,f,b,n,e,k,a
e,f,b,p,p,k,v
p,s,n,w,p,n,v
e,s,b,h,e,k,s
p,s,n,w,p,n,v
e,f,b,p,p,n,v
e,f,b,p,e,n,s
e,f,b,h,e,k,s
e,s,b,p,e,n,a
e,f,b,n,e,n,s
e,f,b,p,e,k,s
e,f,b,n,e,n,a
e,f,b,k,e,n,a
e,s,b,p,e,k,a
e,s,b,p,e,k,s
e,y,b,w,p,n,s
e,y,b,n,p,k,y
e,f,b,k,e,n,s
e,f,b,p,e,k,s
e,s,b,k,e,k,a
e,s,b,n,e,n,s
e,f,b,p,p,n,y
e,s,b,k,e,n,s
e,f,b,k,e,k,a
e,f,n,p,p,k,y
p,s,n,p,p,k,s
e,s,b,n,e,n,a
e,f,b,k,e,n,a
e,s,b,h,e,n,s
e,f,b,h,e,n,s
e,s,b,h,e,k,s
e,f,b,n,e,k,a
e,s,b,p,e,n,s
e,s,b,n,e,k,a
e,f,b,n,p,k,v
p,y,n,k,p,n,v
e,f,b,h,e,n,s
e,f,b,n,p,n,v
p,s,n,k,p,n,s
p,s,n,k,p,k,v
p,s,n,n,p,k,s
e,f,b,h,e,n,a
e,s,b,h,e,n,s
e,s,b,h,e,k,a
e,s,b,k,e,k,a
p,s,n,n,p,k,v
e,s,b,p,e,n,a
e,s,b,k,e,k,a
e,s,b,h,e,n,s
e,f,b,w,p,k,v
e,f,b,n,p,n,v
e,f,b,n,e,n,s
e,f,b,k,e,k,a
e,s,b,n,p,n,n
e,s,b,n,e,n,a
e,s,b,h,e,n,s
e,f,b,n,e,n,s
e,f,b,p,e,n,a
e,s,b,n,e,n,s
e,s,b,h,e,k,s
e,s,b,h,e,n,s
e,s,b,p,e,k,s
e,s,b,p,e,n,s
e,s,b,n,e,k,a
e,f,b,h,e,k,s
e,f,b,h,e,k,s
e,f,b,p,e,k,a
e,y,b,g,p,k,n
e,s,b,n,p,k,n
e,s,b,p,e,k,a
p,y,n,k,p,k,s
e,f,b,k,e,n,s
p,s,n,w,p,k,s
e,y,b,n,p,n,v
p,s,n,w,p,k,v
e,y,b,g,p,n,s
e,y,b,n,p,n,n
e,y,b,n,p,n,y
e,s,b,n,e,n,s
e,s,b,p,e,k,a
e,s,b,n,e,k,a
e,s,b,n,e,k,a
e,s,b,n,e,k,s
e,s,b,n,p,n,n
e,s,b,p,e,k,s
e,s,b,w,p,k,s
e,s,b,p,e,k,s
e,s,b,h,e,k,s
e,s,b,n,e,n,s
e,f,b,h,e,n,s
e,y,b,p,p,n,y
e,f,b,n,p,k,y
e,y,b,n,p,n,y
e,f,b,w,p,k,y
e,f,b,p,e,n,a
e,s,b,h,e,k,s
e,s,b,n,e,n,a
e,f,b,n,e,n,a
e,s,b,k,e,n,a
e,f,b,w,p,k,y
e,s,b,k,e,n,s
e,f,b,n,p,k,y
e,f,b,p,e,k,s
e,f,b,n,e,k,s
p,y,n,n,p,n,v
e,f,b,n,p,k,v
e,f,b,p,e,k,a
e,f,b,h,e,k,s
e,f,b,w,p,n,v
e,s,b,h,e,n,a
e,f,b,p,e,n,a
e,f,b,u,p,k,y
e,y,b,w,p,k,n
e,y,b,k,p,n,n
e,s,b,p,e,n,s
e,s,b,k,e,k,a
e,s,b,n,e,k,s
e,s,b,p,e,k,a
e,f,b,h,e,n,a
e,s,b,n,e,n,s
e,y,b,g,p,n,n
p,y,n,k,p,k,v
e,s,b,k,e,k,a
e,y,b,n,p,k,s
e,s,b,n,e,n,a
e,s,b,k,e,n,a
p,s,n,n,p,k,v
e,s,b,n,e,k,a
e,f,b,p,e,n,s
p,s,n,n,p,k,v
e,f,b,p,e,n,a
e,s,b,p,e,k,a
e,s,b,p,e,k,s
e,s,b,p,e,n,s
e,y,b,w,p,n,y
p,s,n,w,p,n,s
e,f,b,p,e,n,a
e,f,n,p,p,k,y
e,f,b,k,e,n,s
e,f,b,h,e,n,s
p,y,n,n,p,n,s
e,f,b,h,e,k,s
e,f,b,k,e,n,s
e,f,b,n,e,k,s
e,f,b,p,p,n,v
e,s,b,n,e,k,a
e,f,b,k,e,k,s
e,f,b,h,e,n,s
e,f,b,n,p,k,y
e,s,b,p,e,n,s
p,s,n,n,p,n,s
e,s,b,n,e,n,a
e,s,b,k,e,n,s
e,f,b,p,p,k,v
e,y,b,p,p,n,y
e,s,b,k,e,k,a
e,f,b,k,e,k,a
e,y,b,k,p,n,s
e,f,b,p,p,k,y
p,s,n,n,p,n,s
e,s,b,p,e,k,a
e,f,n,n,p,n,v
e,s,b,p,e,k,s
p,s,n,w,p,k,s
e,s,b,k,p,n,s
e,f,b,h,e,k,a
p,y,n,n,p,k,s
e,s,b,h,e,k,a
e,s,b,n,e,k,s
p,s,n,n,p,n,v
e,f,b,h,e,n,a
e,f,b,p,e,n,s
e,f,b,p,e,n,a
e,f,b,p,e,n,s
e,s,b,p,e,n,a
p,y,n,k,p,k,v
e,s,b,p,e,k,a
e,y,b,w,p,n,v
e,f,b,h,e,n,a
e,f,b,u,p,k,v
e,y,b,p,p,n,v
e,y,b,p,p,k,v
e,s,b,h,e,n,s
e,f,b,u,p,n,y
e,y,b,p,p,k,y
e,f,b,p,e,n,s
p,s,n,n,p,n,s
e,f,b,n,p,k,v
p,s,n,n,p,k,v
e,s,b,n,p,n,s
e,s,b,h,e,k,a
e,y,b,g,p,n,s
p,f,b,h,l,h,y
e,s,b,k,e,n,a
e,s,b,p,e,n,s
e,f,b,p,p,k,v
e,s,b,h,e,k,s
e,f,b,h,e,k,s
p,s,n,p,p,k,v
e,y,b,k,p,n,n
e,f,b,n,e,k,s
e,f,b,n,e,k,s
e,y,b,w,p,n,y
e,s,b,n,e,n,a
e,f,b,u,p,k,v
e,f,b,u,p,n,v
e,f,b,w,p,n,v
e,y,b,p,p,k,y
e,s,b,n,e,k,s
e,f,b,h,e,k,a
e,f,b,p,e,n,a
p,y,n,k,p,n,s
e,f,b,p,e,k,s
e,s,b,h,e,n,a
e,y,b,w,p,n,v
e,f,b,p,p,k,v
e,s,b,h,e,n,a
e,f,b,w,p,n,v
e,f,b,p,p,k,v
e,f,b,n,p,n,y
e,f,n,w,p,n,v
p,s,n,w,p,n,v
e,f,b,u,p,n,y
e,y,b,w,p,k,v
e,f,b,h,e,k,a
e,f,b,w,p,n,y
e,s,b,n,e,n,s
e,y,b,u,p,n,v
e,s,b,p,e,k,a
e,s,b,n,e,k,a
e,s,b,n,e,k,s
e,s,b,n,e,k,s
e,f,b,n,p,n,y
e,f,b,n,e,k,a
e,f,b,k,e,k,a
e,y,b,w,p,n,v
e,f,b,p,p,n,y
e,f,b,p,p,k,y
e,s,b,h,e,n,s
e,s,b,n,e,k,a
e,s,b,h,e,k,a
e,f,b,k,e,n,a
e,f,b,u,p,n,v
e,f,b,w,p,k,v
e,f,n,p,p,n,v
e,f,b,k,e,k,a
e,f,b,n,p,k,v
e,f,b,w,p,n,v
e,s,b,k,e,n,a
e,s,b,h,e,n,a
e,f,b,n,e,n,a
e,s,b,h,e,n,a
e,y,b,w,p,n,v
e,f,b,u,p,n,y
e,s,b,p,e,n,s
e,f,b,n,p,k,y
e,s,b,h,e,n,a
e,s,b,h,e,k,s
e,f,b,k,e,n,a
e,f,b,w,p,n,v
e,s,b,h,e,k,a
e,s,b,n,e,n,s
e,y,b,p,p,k,v
e,y,b,u,p,k,v
e,y,b,n,p,k,v
e,f,b,h,e,k,s
e,f,b,p,e,n,a
e,y,b,p,p,n,y
e,f,b,p,p,k,v
e,f,b,u,p,k,y
e,f,b,p,e,n,a
e,f,b,n,e,k,s
e,y,b,w,p,n,v
e,f,b,w,p,k,v
e,f,b,p,e,k,a
e,s,b,h,e,k,s
e,s,b,p,e,k,s
e,s,b,k,p,n,s
e,f,b,w,p,n,v
e,f,b,k,e,k,a
e,s,n,n,p,u,v
e,f,b,h,e,n,a
e,s,b,h,e,k,a
e,s,b,k,e,k,s
e,f,b,n,p,k,v
e,f,b,n,p,k,v
e,s,b,n,e,n,s
p,s,n,k,p,n,v
e,f,b,p,e,n,s
e,y,b,n,p,n,v
e,f,b,p,e,n,a
e,f,b,w,p,n,v
e,y,b,u,p,n,v
e,f,b,p,p,k,v
p,s,n,p,p,k,v
e,f,b,k,e,k,s
e,y,b,w,p,n,v
e,f,b,p,p,n,y
p,y,n,w,p,n,s
e,f,b,u,p,k,y
e,f,b,h,e,k,s
e,f,b,k,e,n,s
e,s,b,h,e,n,a
e,s,b,p,e,k,s
e,y,b,w,p,n,v
e,s,b,k,e,k,s
e,f,b,n,p,n,v
e,s,b,h,e,k,s
e,f,b,k,e,k,a
e,f,b,h,e,n,s
e,s,b,k,e,n,s
p,y,n,n,p,n,s
e,f,b,n,p,n,v
e,f,b,u,p,n,y
e,f,b,p,e,n,a
e,f,b,p,e,n,s
e,f,b,h,e,k,s
e,y,b,u,p,n,v
e,f,b,n,p,k,y
e,s,b,n,e,n,a
p,y,n,n,p,n,s
e,f,b,w,p,n,v
p,y,n,w,p,n,v
e,f,b,p,p,n,v
e,s,b,h,e,n,a
e,f,b,p,p,n,y
e,f,b,h,e,k,a
e,f,b,w,p,n,y
e,f,b,p,e,k,a
e,s,b,k,e,k,a
e,s,b,k,e,k,s
e,f,b,w,p,n,v
e,y,b,u,p,n,v
e,s,b,k,e,k,a
e,f,b,w,p,k,y
p,y,n,w,p,n,v
p,s,n,p,p,k,s
e,f,b,h,e,n,s
e,f,b,n,e,k,a
e,s,b,k,e,n,a
e,f,b,n,e,k,s
e,f,b,u,p,k,v
e,f,b,k,e,k,a
e,s,b,p,e,n,a
e,f,b,h,e,k,s
e,s,n,n,p,n,v
e,f,n,n,p,n,v
e,f,b,p,e,n,a
e,f,b,u,p,n,y
e,y,b,n,p,k,y
e,f,b,u,p,n,y
e,f,b,k,e,k,s
e,f,b,u,p,n,y
e,f,b,n,p,k,v
e,f,b,p,e,k,a
e,s,b,h,e,k,a
e,s,b,h,e,n,s
e,f,b,w,p,k,y
e,y,b,p,p,k,y
e,y,b,u,p,k,v
e,s,b,p,e,n,a
e,f,b,p,e,n,a
e,s,b,n,e,k,a
e,y,b,w,p,k,y
e,f,b,w,p,n,y
e,f,b,n,p,k,y
e,f,b,k,e,n,s
e,s,b,n,e,n,s
e,f,b,n,e,k,s
e,y,b,p,p,n,s
e,f,b,u,p,n,v
e,f,b,h,e,k,s
e,y,b,p,p,k,v
e,f,b,n,p,n,y
e,f,b,k,e,n,a
e,y,b,k,p,k,s
e,s,b,p,e,n,a
e,f,b,u,p,n,v
e,f,b,k,e,k,s
e,f,b,u,p,n,v
e,f,b,p,e,n,a
e,s,b,n,p,k,n
e,s,b,n,e,n,s
p,y,n,n,p,n,v
e,f,b,p,e,n,s
e,y,b,u,p,k,v
e,y,b,p,p,n,v
p,s,n,n,p,k,v
e,s,b,p,e,n,a
e,f,b,n,p,k,y
e,f,b,n,p,k,y
e,f,b,w,p,n,y
p,s,n,p,p,n,v
e,s,b,k,p,k,n
e,f,b,n,p,n,v
e,y,b,w,p,n,y
e,s,b,n,e,n,s
e,y,b,u,p,n,y
e,f,b,k,e,n,s
e,s,b,p,e,n,s
e,f,b,n,p,n,v
e,f,b,u,p,n,v
e,f,b,n,e,k,s
e,f,b,h,e,n,s
e,f,b,p,p,k,y
e,f,b,n,p,n,y
p,y,n,p,p,k,s
e,y,b,p,p,k,v
e,s,b,k,e,n,a
e,s,b,h,e,n,s
e,f,b,k,e,k,s
e,y,b,p,p,k,y
e,f,b,n,p,n,v
e,f,b,p,e,k,s
p,s,n,n,p,k,s
e,s,b,k,e,n,a
e,f,b,p,p,n,v
e,f,b,p,p,n,y
e,f,b,w,p,n,y
e,f,b,u,p,k,y
e,y,b,u,p,k,y
e,f,b,w,p,k,v
e,f,b,p,p,k,v
e,f,b,w,p,k,v
p,s,n,w,p,n,v
e,y,b,p,p,k,v
e,f,b,p,p,n,y
e,y,b,w,p,k,y
e,y,b,n,p,k,v
e,f,b,p,p,n,y
e,y,b,n,p,n,y
e,f,b,p,p,k,v
e,f,b,u,p,k,v
e,y,b,w,p,k,v
e,y,b,u,p,n,v
e,f,b,p,p,n,y
e,y,b,n,p,k,v
p,f,b,p,l,h,y
p,s,n,p,p,k,s
e,f,b,n,p,k,v
e,f,b,h,e,n,s
e,y,b,u,p,n,v
e,f,b,n,p,n,y
e,y,b,u,p,n,y
e,f,b,w,p,k,v
e,y,b,u,p,k,v
e,y,b,p,p,n,y
e,y,b,n,p,k,y
e,y,b,p,p,n,v
e,y,b,n,p,k,v
e,y,b,n,p,n,v
p,s,n,n,p,n,v
e,f,b,u,p,n,y
p,s,n,w,p,k,s
e,f,b,u,p,k,y
e,f,b,p,p,k,y
e,y,b,u,p,n,v
e,f,b,p,p,n,v
e,f,b,n,p,n,y
e,f,b,p,p,n,v
e,y,b,n,p,n,y
e,f,b,u,p,n,v
e,f,b,u,p,k,v
e,f,b,u,p,k,y
e,f,b,p,p,n,y
e,f,b,p,p,k,v
e,y,b,u,p,k,y
e,f,b,u,p,n,y
e,y,b,w,p,n,y
e,y,b,n,p,k,y
e,y,b,p,p,n,v
e,y,b,p,p,k,v
e,f,b,n,p,n,v
e,y,b,n,p,k,v
e,y,b,n,p,n,y
e,f,b,w,p,k,y
e,y,b,p,p,n,v
p,f,b,p,l,h,y
e,y,b,u,p,k,y
e,y,b,u,p,n,v
e,f,b,p,p,n,y
e,y,b,w,p,k,v
e,y,b,p,p,k,y
e,f,b,p,p,k,y
e,f,b,n,p,k,y
e,f,b,w,p,k,v
e,f,b,u,p,k,v
e,f,b,w,p,k,y
e,y,b,u,p,k,y
e,f,b,n,p,k,v
e,f,b,u,p,k,y
e,f,b,n,p,n,v
e,s,b,p,e,n,a
e,f,b,w,p,n,y
e,f,b,w,p,k,v
e,f,b,p,p,k,y
e,y,b,u,p,k,v
e,f,b,w,p,k,y
e,y,b,w,p,k,y
e,y,b,w,p,n,v
p,s,n,g,p,n,s
e,y,b,p,p,n,y
e,f,b,n,p,k,v
e,y,b,p,p,k,y
e,f,b,p,p,n,v
e,y,b,w,p,n,v
e,f,b,w,p,n,y
e,f,b,p,p,n,v
e,y,b,n,p,k,v
e,y,b,w,p,k,v
e,f,b,w,p,n,v
e,y,b,n,p,n,v
e,y,b,u,p,n,v
e,f,b,w,p,n,y
e,f,b,p,p,k,v
e,f,b,n,p,n,y
e,f,b,k,e,n,s
e,y,b,p,p,k,y
e,f,b,p,p,k,v
e,y,b,p,p,n,v
e,f,b,w,p,k,v
e,f,b,p,p,n,y
e,y,b,p,p,k,v
e,y,b,p,p,k,y
e,y,b,p,p,n,y
e,f,b,p,p,k,y
e,y,b,w,p,n,y
e,y,b,u,p,k,y
e,f,b,n,p,n,y
e,y,b,n,p,k,v
e,y,b,p,p,n,v
e,f,b,n,e,n,a
e,f,b,u,p,n,y
e,f,b,n,p,k,y
e,y,b,u,p,n,y
e,f,b,w,p,k,y
e,f,b,h,e,n,s
e,f,b,p,p,n,v
e,y,b,w,p,k,v
e,f,b,p,p,k,y
e,y,b,u,p,n,y
e,f,b,w,p,n,v
e,y,b,n,p,n,v
e,f,b,w,p,k,y
e,f,b,n,p,k,y
e,y,b,w,p,n,y
e,y,b,w,p,k,y
e,y,b,n,p,k,y
e,s,b,h,e,k,a
e,y,b,p,p,k,y
e,f,b,p,p,n,v
e,f,b,n,p,n,v
e,f,b,n,e,k,s
e,f,b,n,p,k,v
e,f,b,n,p,k,v
e,y,b,u,p,n,y
e,f,b,w,p,n,y
e,f,b,n,p,n,v
e,f,b,w,p,n,v
e,f,b,p,p,k,y
e,y,b,u,p,n,y
e,f,b,p,p,n,v
e,f,b,n,p,k,y
e,y,b,p,p,k,y
p,s,n,n,p,k,v
e,y,b,w,p,k,y
e,f,b,p,p,n,y
p,s,n,p,p,k,s
e,y,b,u,p,k,y
e,y,b,n,p,k,v
e,y,b,p,p,k,v
e,f,b,p,p,n,y
e,y,b,p,p,n,v
e,f,b,p,e,n,s
e,y,b,p,p,n,v
e,y,b,u,p,k,v
e,f,b,w,p,n,v
e,f,b,w,p,k,y
e,y,b,w,p,k,v
e,y,b,n,p,n,y
e,y,b,p,p,n,v
e,f,b,p,p,k,v
e,y,b,n,p,k,y
e,f,b,n,p,k,v
e,f,b,p,p,n,y
e,y,b,u,p,n,v
e,f,b,w,p,k,y
e,y,b,p,p,k,v
e,y,b,w,p,k,y
e,y,b,p,p,k,y
e,f,b,n,p,n,v
e,y,b,w,p,k,v
e,y,b,p,p,k,y
e,f,b,w,p,k,y
e,f,b,u,p,n,y
e,f,b,u,p,k,v
e,y,b,u,p,n,v
e,f,b,w,p,k,v
e,y,b,w,p,k,y
e,y,b,w,p,k,v
e,f,b,n,p,k,y
e,y,b,u,p,n,y
e,y,b,u,p,n,y
e,f,b,w,p,n,v
e,f,b,p,p,n,v
e,f,b,u,p,n,v
e,f,b,w,p,n,y
e,y,b,u,p,n,v
e,y,b,u,p,k,y
e,f,b,w,p,n,v
e,y,b,u,p,k,v
e,f,b,h,e,n,s
e,y,b,w,p,n,y
e,s,b,n,e,n,s
e,f,b,u,p,n,y
e,y,b,w,p,k,y
p,y,n,w,p,n,s
e,y,b,n,p,k,v
e,f,b,w,p,k,y
e,f,b,w,p,n,y
e,f,b,n,p,k,v
e,y,b,p,p,n,y
e,f,b,p,p,k,y
e,y,b,u,p,k,y
e,y,b,n,p,k,y
e,f,b,w,p,k,v
e,f,b,p,p,k,y
e,f,b,n,p,k,v
e,s,b,k,e,n,a
e,y,b,n,p,k,v
e,f,b,w,p,k,y
e,f,b,w,p,k,y
e,f,b,n,p,k,y
e,f,b,u,p,n,v
e,y,b,p,p,n,y
p,s,n,w,p,n,v
e,f,b,w,p,k,v
e,s,b,k,e,k,s
e,s,b,p,e,n,s
e,f,b,n,p,k,y
e,y,b,n,p,k,v
e,f,b,u,p,k,y
e,f,b,w,p,n,v
p,f,b,h,l,h,y
e,y,b,w,p,k,y
e,f,b,h,e,k,a
p,s,n,n,p,n,v
e,y,b,p,p,n,y
e,f,b,n,p,n,v
e,f,b,p,p,k,y
e,y,b,u,p,k,v
e,f,b,u,p,n,v
e,f,b,u,p,k,y
e,f,b,u,p,k,v
e,f,b,n,p,n,y
e,y,b,u,p,n,y
e,f,b,n,p,k,y
e,f,b,n,p,k,v
e,f,b,p,p,k,v
e,y,b,p,p,k,v
e,y,b,w,p,n,v
e,y,b,w,p,n,y
e,f,b,w,p,n,y
e,y,b,w,p,k,y
e,f,b,n,p,n,y
e,f,b,p,p,k,v
e,f,b,p,p,n,v
e,f,b,u,p,n,v
e,y,b,p,p,k,y
e,y,b,u,p,k,y
e,y,b,p,p,k,y
e,f,b,p,p,k,v
e,f,b,u,p,n,y
e,f,b,n,p,n,y
e,f,b,u,p,n,y
e,f,b,p,p,n,v
e,f,b,u,p,n,y
e,f,b,w,p,k,y
e,f,b,w,p,k,y
e,y,b,n,p,k,y
e,f,b,w,p,n,y
e,f,b,n,p,n,y
e,f,b,p,p,k,v
e,f,b,u,p,n,y
e,f,b,u,p,n,v
e,y,b,p,p,k,y
e,y,b,u,p,k,v
e,y,b,u,p,n,y
e,y,b,w,p,k,y
e,f,b,n,p,k,y
p,f,b,h,l,h,y
e,y,b,u,p,k,v
e,f,b,w,p,k,v
e,f,b,p,p,n,y
e,f,b,p,p,k,v
e,f,b,p,p,n,y
e,y,b,w,p,n,y
e,f,b,k,e,n,a
e,y,b,n,p,k,y
e,f,b,p,p,k,v
e,y,b,n,p,n,y
e,f,b,p,p,n,v
e,f,b,p,p,k,y
e,y,b,w,p,n,v
e,f,b,w,p,k,v
e,y,b,n,p,k,y
e,y,b,u,p,k,v
e,f,b,u,p,n,y
e,f,b,p,p,k,v
e,f,b,p,p,n,v
e,y,b,p,p,k,v
e,f,b,u,p,k,y
e,y,b,w,p,k,v
e,f,b,p,p,k,v
e,f,b,p,p,n,v
e,y,b,w,p,n,v
e,y,b,p,p,n,y
e,y,b,n,p,n,v
e,y,b,w,p,k,v
e,y,b,u,p,k,y
p,y,n,k,p,k,s
e,s,b,n,e,n,s
e,f,b,u,p,k,v
p,s,n,u,p,n,s
e,y,b,w,p,k,y
e,f,b,p,p,k,v
e,y,b,p,p,n,y
e,y,b,u,p,k,v
e,s,b,k,e,n,s
e,f,b,p,p,n,v
e,y,b,n,p,n,v
e,y,b,n,p,n,v
e,f,b,n,p,n,y
e,y,b,n,p,k,v
e,y,b,w,p,n,v
p,y,n,p,p,n,v
e,f,b,u,p,n,y
e,f,b,w,p,k,y
e,f,b,n,p,n,v
e,s,b,h,e,k,s
e,f,b,w,p,k,v
e,y,b,u,p,n,y
e,y,b,p,p,n,y
e,f,b,w,p,k,y
e,f,b,w,p,k,v
e,f,b,n,p,n,y
e,y,b,w,p,n,v
p,s,n,p,p,n,s
e,f,b,u,p,k,y
e,f,b,p,p,n,y
e,f,b,u,p,k,v
e,y,b,p,p,k,v
e,f,b,w,p,k,y
e,s,b,n,e,n,s
e,y,b,u,p,n,y
e,f,b,p,p,k,v
e,f,b,n,p,n,v
e,f,b,p,p,k,v
e,y,b,n,p,k,y
e,y,b,n,p,n,y
e,f,b,u,p,n,y
e,y,b,w,p,k,y
e,y,b,p,p,k,v
e,f,b,p,p,n,y
e,y,b,w,p,k,y
e,y,b,n,p,k,y
p,f,b,g,l,h,y
e,f,b,u,p,k,v
e,y,b,u,p,k,v
p,f,b,h,l,h,v
e,y,b,n,p,k,v
e,f,b,n,p,k,v
p,f,n,n,p,n,s
e,f,b,u,p,k,v
e,f,b,p,p,n,y
e,f,b,u,p,n,v
e,y,b,w,p,k,y
e,y,b,n,p,n,v
e,f,b,n,p,n,y
e,f,b,p,p,k,v
e,f,b,w,p,k,y
e,y,b,u,p,k,v
e,f,b,p,p,k,y
e,f,b,u,p,n,v
e,f,b,n,p,k,y
e,f,b,p,p,k,y
e,y,b,u,p,n,v
e,y,b,n,p,n,v
e,y,b,u,p,k,y
p,f,n,g,p,k,v
e,f,b,u,p,k,y
e,y,b,w,p,n,v
e,y,b,n,p,n,y
e,f,b,n,p,k,v
e,f,b,w,p,k,y
p,f,b,p,l,h,y
e,y,b,n,p,k,y
e,f,b,p,p,n,v
e,y,b,w,p,k,v
e,f,b,p,p,n,v
p,f,b,p,l,h,v
e,y,b,p,p,k,v
e,y,b,n,p,k,y
e,f,b,p,p,k,y
e,y,b,n,p,k,y
e,y,b,n,p,k,v
e,y,b,p,p,n,v
e,f,b,n,p,n,v
e,f,b,n,p,k,v
e,f,b,w,p,n,v
e,y,b,p,p,n,v
e,y,b,w,p,n,y
e,f,b,u,p,k,v
e,f,b,p,p,n,v
e,y,b,p,p,k,y
e,y,b,n,p,n,v
e,f,b,w,p,n,v
p,f,b,g,l,h,v
e,y,b,w,p,n,y
e,f,b,n,p,n,y
e,y,b,w,p,k,v
e,f,b,u,p,k,y
e,f,b,n,p,k,y
e,y,b,n,p,k,v
e,f,b,w,p,k,y
e,f,b,n,p,n,v
p,f,b,g,l,h,v
e,f,b,p,p,n,v
e,f,b,n,p,n,v
e,f,b,n,p,k,y
e,f,b,n,p,n,v
e,y,b,p,p,k,y
e,f,b,p,p,k,v
e,y,b,w,p,k,y
e,y,b,p,p,n,y
e,y,b,u,p,n,y
e,f,b,w,p,n,y
e,y,b,p,p,k,y
e,f,b,u,p,n,v
e,y,b,n,p,n,v
e,f,b,n,p,n,y
e,y,b,p,p,n,v
e,f,b,w,p,n,v
e,y,b,p,p,n,v
p,f,n,g,p,n,v
e,f,b,n,p,n,v
e,f,b,w,p,n,y
e,s,b,p,e,k,a
e,y,b,n,p,n,y
e,y,b,w,p,n,v
e,y,b,w,p,n,v
e,y,b,p,p,n,v
e,y,b,n,p,n,y
e,f,b,n,p,n,v
e,f,b,n,p,n,v
e,f,b,u,p,k,y
e,y,b,p,p,n,v
e,y,b,w,p,k,v
e,y,b,u,p,k,v
e,y,b,w,p,n,y
e,f,b,u,p,n,y
e,f,b,p,p,k,y
e,f,b,h,e,k,s
e,y,b,p,p,n,v
e,f,b,u,p,k,y
e,y,b,n,p,n,y
e,f,b,w,p,k,v
e,y,b,u,p,n,y
e,y,b,w,p,k,y
e,f,b,w,p,k,v
e,y,b,u,p,k,y
e,y,b,w,p,k,v
e,f,b,p,p,n,v
e,f,b,p,p,n,v
e,f,b,p,p,n,y
e,f,b,n,p,k,v
e,f,b,p,p,k,v
e,y,b,n,p,n,v
e,f,b,n,p,k,y
e,f,b,w,p,n,y
e,f,b,u,p,n,y
e,f,b,w,p,n,v
e,f,b,n,p,n,y
e,f,b,p,p,n,v
e,f,b,w,p,k,v
e,f,b,u,p,k,v
e,f,b,n,p,k,v
e,f,b,u,p,n,v
e,y,b,u,p,n,y
e,f,b,n,p,k,y
e,f,b,p,p,n,v
e,y,b,n,p,n,y
e,f,b,u,p,k,v
p,f,n,p,p,n,v
e,f,b,p,p,k,y
e,f,b,w,p,n,v
e,y,b,w,p,n,y
e,f,b,n,p,n,v
e,f,b,w,p,k,y
e,y,b,w,p,k,v
e,s,b,n,e,n,a
e,y,b,p,p,k,v
e,f,b,n,p,n,y
p,f,b,h,l,h,y
e,f,b,u,p,k,v
e,f,b,n,p,n,v
e,f,b,w,p,n,y
e,f,b,u,p,k,v
e,y,b,w,p,k,v
e,y,b,p,p,n,y
e,y,b,p,p,n,v
e,y,b,p,p,k,y
e,f,b,p,p,n,y
e,f,b,w,p,n,v
e,f,b,w,p,k,y
e,y,b,u,p,k,v
e,f,b,u,p,n,v
e,y,b,n,p,n,y
e,f,b,p,p,n,y
e,y,b,p,p,n,v
e,y,b,u,p,k,y
e,y,b,p,p,n,y
e,y,b,u,p,n,y
e,y,b,p,p,k,v
e,y,b,u,p,n,y
e,s,b,h,e,k,s
e,f,b,n,p,n,y
e,y,b,n,p,k,y
e,y,b,w,p,k,y
e,f,b,w,p,k,y
e,y,b,u,p,n,y
e,f,b,p,p,n,y
e,f,b,u,p,k,y
e,y,b,p,p,k,v
e,f,b,w,p,n,y
e,f,b,n,p,k,v
e,y,b,n,p,n,y
p,f,n,p,p,k,v
e,f,b,p,p,n,y
e,y,b,n,p,k,y
e,y,b,w,p,k,v
e,y,b,w,p,n,v
e,f,b,w,p,k,y
e,y,b,n,p,n,v
e,f,b,p,p,k,y
e,y,b,u,p,k,y
e,f,b,u,p,k,y
e,y,b,w,p,k,y
e,y,b,u,p,n,v
e,f,b,u,p,n,v
e,f,b,n,p,n,v
p,f,b,g,l,h,v
e,f,b,w,p,n,v
e,y,b,w,p,k,y
p,f,b,g,l,h,y
e,y,b,n,p,n,v
e,y,b,u,p,k,v
e,f,b,p,p,k,v
e,f,b,n,p,k,v
e,f,b,n,p,n,v
e,f,b,w,p,k,v
e,f,b,u,p,k,y
e,y,b,p,p,n,v
e,f,b,u,p,k,y
e,f,b,p,p,k,y
e,f,b,n,p,k,y
e,f,b,w,p,n,y
e,y,b,w,p,n,y
e,s,b,p,e,k,s
e,y,b,p,p,k,y
e,f,b,p,p,n,y
e,y,b,w,p,k,y
e,f,b,u,p,n,v
e,f,b,w,p,k,y
e,f,b,w,p,n,v
e,f,b,n,p,n,v
e,f,b,w,p,k,v
p,f,n,g,p,n,s
e,y,b,p,p,n,y
e,f,b,n,p,k,v
e,y,b,w,p,n,y
e,f,b,n,p,n,y
e,f,b,n,p,n,v
e,f,b,w,p,n,y
e,y,b,w,p,k,y
e,f,b,n,p,k,y
e,y,b,n,p,k,v
e,y,b,n,p,n,v
e,f,b,n,p,n,v
e,y,b,n,p,k,v
e,f,b,w,p,n,v
e,y,b,p,p,n,v
e,y,b,p,p,n,y
e,f,b,n,p,n,v
e,f,b,w,p,n,v
e,f,b,w,p,k,y
e,f,b,n,e,k,s
e,f,b,w,p,n,y
e,y,b,n,p,n,y
e,f,b,p,p,n,y
e,y,b,n,p,n,y
e,y,b,u,p,k,y
e,f,b,u,p,k,v
e,f,b,n,p,k,v
e,y,b,p,p,n,y
e,y,b,p,p,n,y
e,y,b,w,p,k,v
e,f,b,u,p,k,y
e,f,b,u,p,n,v
e,f,b,n,p,k,y
e,y,b,n,p,k,v
e,f,b,w,p,n,y
e,f,b,n,p,n,y
e,f,b,u,p,k,y
e,f,b,u,p,k,v
p,f,n,u,p,k,v
e,y,b,p,p,n,y
e,f,b,p,p,n,v
e,s,b,p,e,n,s
e,y,b,p,p,k,y
e,f,b,u,p,k,y
e,f,b,w,p,n,v
e,y,b,w,p,k,y
e,f,b,w,p,n,y
e,f,b,u,p,n,v
e,f,b,n,p,n,v
e,f,b,w,p,n,y
e,y,b,w,p,n,v
e,y,b,u,p,n,y
e,y,b,p,p,k,v
e,f,b,p,p,k,y
e,f,b,u,p,n,y
e,y,b,w,p,k,v
e,y,b,w,p,k,v
e,y,b,u,p,k,y
e,y,b,n,p,k,v
e,f,b,n,p,k,y
e,f,b,n,p,n,y
e,y,b,u,p,n,y
e,y,b,p,p,n,y
e,y,b,u,p,k,v
e,y,b,p,p,k,v
e,y,b,w,p,n,v
e,y,b,u,p,n,y
e,f,b,p,p,k,y
e,y,b,w,p,n,y
e,f,b,n,p,k,y
e,f,b,w,p,n,y
e,y,b,p,p,n,y
e,s,b,k,e,k,s
e,y,b,w,p,k,v
e,y,b,n,p,n,y
e,f,b,u,p,k,v
e,f,b,n,p,k,y
e,f,b,n,p,k,v
p,s,n,n,p,k,v
e,y,b,w,p,k,v
e,y,b,w,p,k,v
e,f,b,k,e,k,a
e,y,b,u,p,k,y
p,f,n,u,p,n,v
e,y,b,p,p,k,v
e,f,b,p,p,k,v
e,f,b,u,p,k,v
e,y,b,p,p,k,v
e,f,b,u,p,k,v
e,f,b,n,p,n,y
e,y,b,n,p,k,v
e,y,b,w,p,n,y
e,y,b,p,p,n,y
e,f,b,n,p,n,v
p,f,b,h,l,h,y
e,y,b,n,p,n,y
e,y,b,w,p,k,v
e,f,b,n,p,k,y
e,f,b,p,p,k,y
e,f,b,p,p,k,y
e,f,b,p,p,n,y
e,f,b,p,p,n,v
e,y,b,u,p,k,v
e,y,b,u,p,n,v
e,y,b,n,p,n,y
e,f,b,p,p,k,y
e,f,b,w,p,k,y
e,y,b,u,p,n,v
e,y,b,w,p,k,y
e,y,b,u,p,n,v
e,f,b,u,p,k,y
e,f,b,u,p,k,y
p,f,b,g,l,h,y
e,f,b,p,p,n,v
e,f,b,n,p,k,y
e,y,b,p,p,k,y
e,y,b,w,p,k,v
e,f,b,n,p,n,v
p,f,b,h,l,h,v
e,f,b,u,p,n,y
e,f,b,n,p,n,v
e,f,b,u,p,n,v
e,f,b,p,p,n,y
e,y,b,u,p,k,v
e,y,b,p,p,n,y
e,f,b,p,p,k,y
e,f,b,w,p,k,v
e,f,b,p,p,k,y
e,y,b,p,p,n,v
e,f,b,u,p,k,y
e,f,b,n,p,n,v
e,y,b,n,p,k,y
e,f,b,n,p,k,y
e,f,b,w,p,n,y
e,f,b,w,p,k,v
e,f,b,u,p,k,v
e,y,b,n,p,n,y
e,y,b,w,p,n,y
e,y,b,u,p,k,y
e,f,b,n,e,n,s
e,y,b,w,p,k,v
e,y,b,p,p,n,y
e,f,b,n,p,k,y
e,y,b,w,p,k,v
e,f,b,u,p,n,y
e,y,b,u,p,k,y
e,y,b,u,p,k,v
e,f,b,w,p,n,y
e,y,b,p,p,k,y
e,f,b,u,p,n,v
e,y,b,u,p,n,v
e,f,b,u,p,n,v
e,f,b,u,p,k,y
e,f,b,w,p,k,y
e,f,b,w,p,n,y
e,f,b,p,p,k,v
p,f,b,h,l,h,v
e,f,b,n,p,n,y
e,f,b,u,p,k,v
e,f,b,u,p,k,v
e,y,b,n,p,k,y
e,y,b,n,p,k,y
e,y,b,w,p,k,v
e,y,b,u,p,n,v
e,y,b,n,p,k,v
p,y,b,h,l,h,v
e,y,b,u,p,n,y
p,f,b,p,l,h,y
p,f,n,g,p,k,s
e,f,b,u,p,n,v
e,y,b,p,p,k,y
e,f,b,p,p,k,y
p,f,b,h,l,h,y
e,y,b,u,p,k,y
e,y,b,u,p,n,y
e,f,b,u,p,n,y
e,y,b,u,p,k,v
p,f,b,g,l,h,y
e,y,b,p,p,n,v
e,y,b,n,p,k,v
e,f,b,w,p,k,v
e,f,b,w,p,k,v
e,y,b,u,p,n,v
e,y,b,w,p,n,y
p,f,n,u,p,k,s
p,f,b,g,l,h,y
e,f,b,p,p,n,y
e,y,b,w,p,k,v
e,f,b,w,p,n,y
e,y,b,w,p,n,v
p,f,b,h,l,h,v
e,y,b,w,p,n,y
e,y,b,p,p,n,v
e,f,b,p,p,k,y
e,y,b,p,p,k,v
p,y,b,p,l,h,v
p,f,b,p,l,h,v
e,y,b,u,p,k,v
e,y,b,p,p,k,v
e,y,b,w,p,n,v
e,y,b,p,p,n,v
e,y,b,n,p,k,v
p,s,n,n,p,n,v
e,y,b,p,p,k,y
e,y,b,u,p,k,v
e,f,b,p,p,k,y
p,s,n,p,p,k,v
e,f,b,w,p,n,v
e,y,b,u,p,n,y
e,y,b,p,p,k,v
p,s,n,u,p,n,s
p,f,n,n,p,k,s
p,f,b,p,l,h,y
p,s,n,g,p,k,v
p,f,b,g,l,h,v
e,y,b,n,p,n,v
p,y,b,g,l,h,y
e,y,b,u,p,k,y
e,y,b,p,p,k,y
p,s,n,p,p,n,s
p,f,b,g,l,h,v
e,y,b,u,p,k,v
e,y,b,w,p,k,y
e,y,b,n,p,k,y
p,f,b,p,l,h,v
e,y,b,p,p,n,y
p,f,b,h,l,h,y
e,f,b,n,p,n,y
p,f,b,g,l,h,v
e,y,b,u,p,k,v
e,y,b,u,p,n,y
e,y,b,p,p,n,y
p,f,b,g,l,h,v
e,f,b,p,p,n,v
e,y,b,u,p,k,v
p,f,b,p,l,h,v
e,y,b,u,p,k,y
p,f,b,h,l,h,y
e,y,b,w,p,n,y
p,f,b,h,l,h,y
p,f,b,g,l,h,y
e,y,b,u,p,n,y
p,f,b,p,l,h,v
e,f,b,u,p,n,v
e,y,b,w,p,k,v
p,s,n,p,p,n,s
e,f,b,n,p,n,y
e,f,b,u,p,n,y
e,y,b,p,p,k,y
e,y,b,n,p,k,y
p,f,b,p,l,h,y
p,f,b,g,l,h,y
p,s,n,g,p,k,s
e,f,b,u,p,k,v
e,f,b,w,p,k,y
e,y,b,u,p,k,v
e,y,b,w,p,k,y
p,f,b,p,l,h,v
e,f,b,w,p,k,y
e,y,b,n,p,n,v
e,y,b,n,p,k,v
e,f,b,w,p,n,v
e,y,b,p,p,k,y
e,y,b,n,p,k,y
e,f,b,n,p,k,v
p,s,n,u,p,k,v
e,f,b,u,p,k,y
p,f,b,p,l,h,y
p,s,n,p,p,k,s
e,y,b,n,p,n,y
e,y,b,n,p,k,y
e,f,b,w,p,n,v
e,y,b,w,p,n,y
e,y,b,p,p,k,v
e,y,b,u,p,n,y
e,y,b,p,p,k,y
e,f,b,u,p,k,y
e,y,b,p,p,k,y
e,y,b,p,p,n,v
p,f,b,g,l,h,v
e,y,b,u,p,n,y
e,y,b,p,p,k,v
p,f,b,p,l,h,y
e,y,b,u,p,k,y
e,y,b,p,p,n,y
e,y,b,n,p,n,y
e,y,b,n,p,k,v
p,s,n,g,p,n,s
e,f,b,n,p,k,v
e,f,b,u,p,k,y
e,f,b,p,p,n,v
e,f,b,n,p,k,y
p,s,n,g,p,n,s
e,y,b,n,p,k,v
p,f,b,g,l,h,y
e,f,b,w,p,k,y
p,f,b,p,l,h,v
e,y,b,w,p,k,v
p,f,n,g,p,n,s
p,y,b,p,l,h,v
p,s,n,u,p,n,s
e,y,b,p,p,k,v
e,f,b,n,p,n,y
p,f,b,p,l,h,v
p,f,n,g,p,k,v
e,y,b,p,p,n,v
e,f,b,w,p,k,y
e,y,b,n,p,k,v
p,y,b,g,l,h,v
e,y,b,u,p,n,v
p,f,n,u,p,k,v
p,f,n,n,p,k,s
e,f,b,w,p,n,y
e,y,b,p,p,n,y
e,y,b,u,p,k,v
e,y,b,u,p,k,v
p,f,b,g,l,h,v
p,f,b,p,l,h,y
p,y,b,g,l,h,v
p,s,n,u,p,k,s
e,f,b,p,p,n,y
p,f,b,p,l,h,v
e,y,b,u,p,k,y
e,f,b,u,p,k,y
e,f,b,w,p,n,v
p,f,b,p,l,h,v
e,y,b,u,p,n,y
p,f,b,h,l,h,y
e,y,b,u,p,n,y
e,f,b,p,p,k,v
e,f,b,w,p,n,y
e,y,b,u,p,k,v
e,y,b,u,p,k,y
p,f,b,h,l,h,v
p,f,n,u,p,n,s
e,f,b,w,p,k,v
p,f,b,g,l,h,v
e,y,b,w,p,n,y
e,f,b,n,p,k,v
e,f,b,u,p,n,v
e,y,b,w,p,k,v
e,f,b,p,p,n,v
p,s,n,g,p,k,v
e,y,b,u,p,n,y
e,y,b,w,p,n,y
e,y,b,n,p,n,y
e,y,b,n,p,n,y
e,f,b,n,p,n,v
e,f,b,u,p,n,y
p,s,n,p,p,k,v
e,f,b,u,p,k,v
e,y,b,n,p,n,v
p,f,b,h,l,h,y
p,f,b,p,l,h,y
e,y,b,n,p,k,y
p,f,b,h,l,h,v
e,y,b,p,p,n,y
e,y,b,p,p,n,y
e,f,b,w,p,k,v
p,f,b,h,l,h,v
p,s,n,p,p,k,s
p,f,b,g,l,h,y
p,f,b,g,l,h,y
e,y,b,u,p,n,v
p,f,b,g,l,h,y
e,y,b,u,p,n,y
e,f,b,u,p,k,y
e,y,b,p,p,n,v
e,y,b,u,p,k,y
e,y,b,u,p,k,v
p,f,n,g,p,n,v
e,y,b,p,p,k,y
e,f,b,u,p,k,y
p,s,n,p,p,n,v
e,y,b,u,p,n,y
p,f,b,h,l,h,y
e,y,b,w,p,n,y
e,y,b,p,p,n,v
p,s,n,u,p,n,v
p,f,b,g,l,h,v
e,y,b,w,p,k,v
e,f,b,n,p,n,y
p,f,b,p,l,h,y
p,f,n,p,p,k,v
p,f,b,g,l,h,v
e,f,b,p,p,n,y
e,y,b,w,p,n,y
p,f,b,p,l,h,v
p,f,b,h,l,h,v
p,s,n,p,p,k,v
e,y,b,u,p,k,v
p,f,b,p,l,h,v
e,y,b,w,p,n,y
e,y,b,p,p,n,y
e,y,b,p,p,n,y
e,f,b,p,p,k,y
e,y,b,p,p,k,y
e,f,b,w,p,n,y
p,f,n,n,p,k,s
e,f,b,n,p,n,v
e,f,b,u,p,k,v
p,s,n,n,p,n,s
e,f,b,w,p,k,y
e,y,b,n,p,k,v
p,f,b,h,l,h,v
e,f,b,n,p,n,v
e,f,b,w,p,n,v
p,f,b,g,l,h,v
e,y,b,n,p,n,v
p,f,n,p,p,k,s
e,y,b,n,p,n,y
e,y,b,p,p,k,y
e,y,b,u,p,n,y
e,y,b,n,p,n,v
p,f,b,h,l,h,y
e,y,b,u,p,k,y
e,y,b,p,p,n,v
e,f,b,p,p,k,y
e,f,b,n,p,k,y
e,y,b,p,p,n,v
e,f,b,w,p,k,v
p,f,n,u,p,n,s
p,f,b,p,l,h,v
e,y,b,u,p,n,v
p,s,n,g,p,k,s
p,f,n,g,p,n,v
p,f,b,g,l,h,y
e,f,b,p,p,k,v
e,y,b,u,p,k,v
p,s,n,p,p,k,s
e,y,b,n,p,k,y
e,y,b,w,p,k,v
e,f,b,p,p,k,y
p,f,b,g,l,h,v
p,f,b,p,l,h,y
e,f,b,u,p,k,v
e,f,b,n,p,k,y
e,y,b,n,p,n,v
p,f,n,u,p,k,v
e,y,b,w,p,n,y
e,f,b,n,p,k,v
p,f,b,h,l,h,y
p,s,n,g,p,n,s
p,f,b,h,l,h,v
e,f,b,u,p,k,v
e,y,b,u,p,n,v
e,f,b,u,p,n,y
p,f,b,p,l,h,v
p,f,n,u,p,n,v
p,f,b,h,l,h,y
e,y,b,p,p,n,y
p,f,n,g,p,n,s
p,s,n,u,p,k,s
e,y,b,w,p,k,v
e,f,b,p,p,n,y
e,y,b,w,p,k,y
e,y,b,w,p,k,v
p,s,n,g,p,n,v
p,f,b,p,l,h,y
e,y,b,u,p,n,v
e,f,b,u,p,k,v
e,y,b,w,p,k,v
p,f,b,g,l,h,v
e,f,b,p,p,k,y
p,s,n,p,p,n,s
e,f,b,u,p,k,y
e,f,b,u,p,n,v
e,f,b,u,p,k,v
e,y,b,p,p,k,v
p,y,b,g,l,h,y
p,f,n,n,p,k,v
e,y,b,w,p,n,y
e,y,b,w,p,n,v
p,f,n,n,p,n,s
e,y,b,w,p,k,y
p,f,n,g,p,k,v
e,f,b,n,p,n,y
e,y,b,n,p,n,v
p,f,b,g,l,h,y
p,s,n,n,p,k,s
e,y,b,n,p,n,y
p,s,n,p,p,k,v
e,y,b,u,p,k,y
p,s,n,p,p,n,s
e,y,b,p,p,n,v
e,y,b,w,p,k,y
e,y,b,n,p,n,y
e,y,b,u,p,k,v
p,s,n,n,p,n,s
e,f,b,w,p,k,v
e,f,b,u,p,n,v
e,f,b,w,p,n,y
e,y,b,n,p,n,y
p,s,n,p,p,n,s
e,y,b,w,p,k,y
e,y,b,w,p,n,y
p,f,n,g,p,k,v
e,y,b,n,p,k,y
e,f,b,u,p,k,v
p,f,b,p,l,h,v
p,s,n,p,p,k,v
e,y,b,p,p,n,y
e,y,b,u,p,k,y
e,y,b,p,p,n,v
p,f,b,g,l,h,v
e,y,b,w,p,k,y
e,f,b,p,p,n,v
e,y,b,u,p,n,v
e,f,b,u,p,k,y
e,y,b,u,p,k,v
p,f,n,n,p,n,s
p,f,n,p,p,n,v
e,y,b,n,p,n,v
e,f,b,u,p,n,v
e,y,b,p,p,k,y
e,y,b,u,p,k,y
p,f,b,p,l,h,y
p,f,n,n,p,n,v
p,f,n,u,p,n,s
e,y,b,p,p,k,y
e,y,b,p,p,k,y
p,f,n,g,p,k,s
e,y,b,w,p,k,y
e,y,b,w,p,k,v
e,f,b,u,p,k,y
e,y,b,p,p,k,y
p,f,n,n,p,k,s
e,f,b,p,p,n,y
p,y,b,h,l,h,y
e,f,b,p,p,n,v
p,f,n,p,p,n,v
p,s,n,n,p,n,v
e,f,b,u,p,n,y
e,y,b,u,p,k,y
e,y,b,u,p,k,v
e,y,b,n,p,k,y
e,f,b,u,p,n,y
p,f,n,p,p,k,s
e,y,b,p,p,n,v
p,f,b,h,l,h,v
e,y,b,u,p,k,v
e,f,b,u,p,k,v
p,f,n,p,p,n,s
e,f,b,w,p,k,v
e,f,b,p,p,k,v
e,y,b,u,p,k,y
p,f,b,h,l,h,v
e,y,b,w,p,k,y
p,f,b,p,l,h,y
e,f,b,w,p,n,y
e,f,b,u,p,k,y
e,y,b,w,p,n,v
p,f,b,h,l,h,y
e,f,b,u,p,k,y
e,f,b,p,p,n,v
e,y,b,n,p,n,v
p,f,n,u,p,k,s
e,f,b,p,p,k,y
e,y,b,u,p,n,y
e,f,b,n,p,k,v
e,y,b,u,p,k,v
p,f,b,p,l,h,v
e,f,b,n,p,k,v
p,f,b,g,l,h,y
e,y,b,n,p,k,v
e,y,b,p,p,n,y
e,y,b,w,p,n,y
p,f,b,p,l,h,v
p,s,n,g,p,n,v
e,y,b,u,p,k,v
e,y,b,u,p,k,y
e,f,b,n,p,k,v
e,y,b,n,p,k,v
e,y,b,w,p,n,v
p,s,n,n,p,k,s
e,f,b,w,p,n,v
e,f,b,w,p,n,y
e,f,b,p,p,n,y
e,y,b,p,p,k,v
e,y,b,p,p,k,y
e,y,b,w,p,k,y
e,f,b,n,p,n,y
p,s,n,p,p,n,v
e,y,b,n,p,k,y
p,y,b,p,l,h,v
e,y,b,p,p,k,v
e,y,b,p,p,k,v
p,s,n,n,p,k,s
e,y,b,p,p,n,y
e,y,b,w,p,n,v
e,y,b,u,p,n,v
e,f,b,n,p,k,v
p,s,n,n,p,n,s
p,f,b,h,l,h,v
e,y,b,p,p,k,v
e,y,b,p,p,k,v
p,s,n,p,p,n,v
e,f,b,u,p,n,y
e,f,b,n,p,k,y
e,y,b,n,p,n,v
e,y,b,w,p,n,y
e,f,b,p,p,k,v
p,y,b,p,l,h,y
p,s,n,p,p,n,v
p,f,b,p,l,h,v
p,f,n,n,p,k,s
e,y,b,p,p,k,y
e,y,b,w,p,n,y
p,f,b,p,l,h,v
e,f,b,u,p,n,y
p,f,b,p,l,h,v
e,y,b,u,p,n,v
e,f,b,w,p,n,y
p,f,b,p,l,h,y
e,f,b,p,p,k,v
p,f,b,g,l,h,y
e,f,b,u,p,n,v
e,f,b,u,p,n,v
e,f,b,p,p,k,v
e,y,b,n,p,n,v
e,y,b,n,p,k,y
e,y,b,n,p,n,v
e,f,b,w,p,n,v
e,f,b,p,p,n,v
p,f,b,g,l,h,v
e,y,b,u,p,k,y
p,f,n,n,p,k,v
e,f,b,p,p,k,y
e,f,b,p,p,n,v
p,f,n,g,p,k,s
e,y,b,n,p,n,y
e,y,b,w,p,k,y
p,f,b,g,l,h,y
e,y,b,w,p,n,v
e,y,b,n,p,k,y
p,f,b,g,l,h,y
e,y,b,n,p,k,y
p,f,b,h,l,h,v
e,f,b,w,p,k,y
e,y,b,w,p,k,y
e,y,b,p,p,k,y
p,y,b,p,l,h,v
p,s,n,g,p,k,v
p,f,b,p,l,h,v
p,f,b,p,l,h,y
e,f,b,u,p,k,v
e,y,b,p,p,k,v
e,y,b,w,p,n,v
e,y,b,n,p,k,y
p,y,b,p,l,h,y
e,y,b,n,p,k,y
p,f,n,u,p,n,s
e,f,b,w,p,n,y
e,y,b,n,p,k,v
e,f,b,p,p,n,y
p,f,b,h,l,h,y
e,f,b,n,p,k,v
p,f,b,p,l,h,v
e,f,b,w,p,n,y
p,f,n,g,p,n,s
e,y,b,n,p,n,v
e,y,b,n,p,k,y
p,f,b,g,l,h,y
p,s,n,u,p,k,s
p,f,b,h,l,h,v
e,y,b,n,p,n,v
p,f,b,g,l,h,v
e,y,b,p,p,k,v
e,f,b,u,p,n,y
e,f,b,w,p,n,y
e,y,b,w,p,n,y
e,y,b,u,p,n,y
e,y,b,p,p,k,y
e,y,b,u,p,k,y
p,y,b,p,l,h,y
e,f,b,u,p,k,y
e,y,b,u,p,n,v
p,f,b,g,l,h,y
p,f,b,p,l,h,v
p,f,b,p,l,h,y
e,y,b,u,p,n,y
e,y,b,p,p,k,v
p,f,b,p,l,h,v
p,y,b,p,l,h,v
e,y,b,w,p,n,v
p,f,n,n,p,n,s
e,f,b,n,p,n,v
e,y,b,u,p,n,v
e,y,b,u,p,k,y
p,f,b,h,l,h,y
e,y,b,p,p,k,y
e,y,b,p,p,k,v
e,f,b,p,p,n,v
e,y,b,p,p,n,y
p,f,b,g,l,h,v
e,y,b,u,p,n,v
e,y,b,p,p,n,y
e,f,b,u,p,k,v
e,f,b,u,p,k,y
e,f,b,w,p,n,y
p,f,b,h,l,h,v
e,y,b,n,p,k,v
p,s,n,n,p,k,s
e,y,b,n,p,k,y
e,y,b,p,p,k,v
e,y,b,n,p,k,y
p,s,n,u,p,k,s
p,f,b,h,l,h,v
p,f,b,g,l,h,v
p,f,n,n,p,n,s
e,y,b,w,p,k,y
e,y,b,p,p,n,v
e,y,b,n,p,n,v
e,y,b,w,p,n,v
p,f,n,p,p,n,v
e,f,b,u,p,n,v
p,f,b,g,l,h,v
e,y,b,w,p,n,y
e,y,b,n,p,n,y
p,y,b,p,l,h,y
e,y,b,w,p,k,y
p,f,n,p,p,n,s
p,f,b,p,l,h,v
e,f,b,u,p,n,y
e,f,b,w,p,k,y
p,f,n,u,p,n,s
p,f,b,p,l,h,v
e,y,b,n,p,n,y
p,f,b,p,l,h,v
e,f,b,w,p,k,v
e,y,b,u,p,k,v
p,y,b,h,l,h,y
e,y,b,n,p,k,y
e,f,b,w,p,k,v
p,y,b,g,l,h,v
e,y,b,u,p,n,v
e,f,b,w,p,k,y
e,y,b,p,p,n,v
e,y,b,p,p,n,y
p,f,b,g,l,h,v
e,y,b,u,p,n,v
e,y,b,p,p,k,y
e,f,b,u,p,n,y
e,y,b,w,p,n,v
e,y,b,n,p,k,y
p,y,b,h,l,h,y
e,y,b,w,p,n,y
e,y,b,p,p,n,y
p,f,b,p,l,h,v
p,f,n,p,p,k,s
p,f,n,p,p,k,v
e,y,b,u,p,n,y
p,f,b,h,l,h,v
p,s,n,n,p,n,v
e,y,b,w,p,n,v
e,y,b,u,p,n,y
p,f,b,p,l,h,v
e,y,b,u,p,n,v
e,f,b,w,p,n,v
p,f,b,p,l,h,v
p,f,n,n,p,n,v
p,f,n,u,p,n,v
p,f,b,h,l,h,y
e,f,b,n,p,k,v
p,f,b,p,l,h,y
e,f,b,u,p,k,y
e,y,b,w,p,n,v
e,f,b,u,p,n,v
e,y,b,n,p,n,y
e,f,b,u,p,k,v
e,y,b,u,p,k,y
e,f,b,n,p,n,y
e,f,b,p,p,n,y
e,y,b,p,p,n,y
e,y,b,p,p,n,v
e,f,b,n,p,k,y
e,f,b,p,p,k,y
p,f,b,h,l,h,y
e,y,b,n,p,k,y
e,y,b,w,p,n,v
e,y,b,w,p,k,y
e,y,b,w,p,n,y
p,f,b,h,l,h,v
p,f,b,g,l,h,v
e,y,b,u,p,n,y
e,y,b,n,p,n,v
p,f,b,h,l,h,v
e,y,b,n,p,n,v
e,y,b,w,p,k,v
p,f,n,u,p,k,s
e,y,b,w,p,n,y
p,s,n,g,p,k,s
e,y,b,n,p,k,v
p,s,n,n,p,n,v
e,y,b,p,p,n,y
e,f,b,p,p,k,y
e,y,b,w,p,n,y
p,s,n,p,p,k,s
e,y,b,n,p,k,y
e,y,b,n,p,k,v
p,f,n,n,p,k,v
e,f,b,u,p,k,y
p,s,n,u,p,n,v
e,f,b,w,p,k,y
p,f,b,g,l,h,y
e,y,b,p,p,n,y
p,f,b,h,l,h,y
e,y,b,u,p,n,v
p,s,n,g,p,k,s
e,f,b,p,p,n,v
e,f,b,w,p,k,v
e,y,b,n,p,k,v
e,y,b,p,p,n,y
e,y,b,u,p,k,v
p,f,b,g,l,h,y
e,y,b,u,p,n,y
e,y,b,u,p,k,y
p,f,n,n,p,k,v
e,y,b,p,p,k,y
e,y,b,p,p,n,y
p,f,b,p,l,h,y
e,y,b,n,p,n,y
e,f,b,n,p,k,v
p,s,n,n,p,k,s
p,f,b,g,l,h,v
p,f,b,h,l,h,y
e,y,b,u,p,n,v
e,y,b,p,p,n,y
p,f,b,h,l,h,v
e,f,b,n,p,k,y
p,y,b,g,l,h,v
e,f,b,u,p,k,y
p,f,n,p,p,n,s
e,y,b,u,p,k,y
e,y,b,w,p,n,y
e,y,b,w,p,k,y
e,f,b,n,p,n,y
p,s,n,p,p,k,s
p,f,b,p,l,h,y
e,f,b,n,p,n,v
p,s,n,u,p,n,v
p,f,n,n,p,n,v
e,y,b,n,p,n,v
e,f,b,w,p,k,v
e,y,b,w,p,k,v
e,y,b,u,p,n,y
p,f,b,p,l,h,v
p,f,n,n,p,k,v
e,y,b,w,p,k,y
e,f,b,w,p,k,v
p,s,n,p,p,k,s
e,y,b,p,p,k,v
p,f,b,h,l,h,v
p,f,n,p,p,n,v
p,f,b,h,l,h,v
p,s,n,n,p,n,v
e,f,b,w,p,k,v
p,f,n,u,p,k,s
e,f,b,n,p,n,v
p,s,n,n,p,k,v
p,f,n,p,p,k,s
e,y,b,p,p,k,y
p,s,n,n,p,k,v
e,y,b,u,p,n,y
e,y,b,u,p,n,y
e,f,b,p,p,k,v
p,s,n,n,p,n,s
e,y,b,w,p,k,v
p,f,b,h,l,h,v
p,y,b,g,l,h,y
p,f,b,g,l,h,v
e,y,b,p,p,n,v
p,f,b,g,l,h,y
p,f,b,p,l,h,y
e,f,b,n,p,k,v
e,f,b,w,p,k,v
p,f,n,p,p,n,v
p,f,b,p,l,h,y
p,y,b,h,l,h,v
p,f,n,g,p,n,v
p,y,b,g,l,h,v
p,f,b,h,l,h,v
p,f,b,h,l,h,v
e,y,b,n,p,k,y
p,y,b,g,l,h,y
p,f,b,p,l,h,y
e,y,b,n,p,n,v
e,y,b,n,p,n,v
p,y,b,h,l,h,v
p,y,b,g,l,h,v
p,y,b,h,l,h,v
e,y,b,w,p,k,y
p,y,b,p,l,h,v
e,f,b,n,p,k,v
e,f,b,p,p,k,v
p,f,b,p,l,h,y
e,y,b,p,p,n,v
p,f,b,h,l,h,y
p,y,b,h,l,h,y
p,f,b,g,l,h,v
p,y,b,g,l,h,v
p,y,b,p,l,h,y
p,f,b,h,l,h,v
p,s,n,g,p,n,s
p,y,b,p,l,h,v
e,f,b,u,p,k,v
e,y,b,n,p,k,y
p,f,n,n,p,n,v
p,f,b,h,l,h,v
p,y,b,p,l,h,v
e,y,b,p,p,k,y
e,f,b,p,p,n,y
p,y,b,p,l,h,v
e,y,b,u,p,n,v
p,f,b,g,l,h,v
p,y,b,g,l,h,y
e,f,b,p,p,n,v
p,y,b,h,l,h,v
p,f,b,g,l,h,y
p,y,b,p,l,h,v
p,f,b,g,l,h,y
p,s,n,n,p,n,s
p,f,n,g,p,k,s
p,y,b,g,l,h,v
p,y,b,h,l,h,y
p,f,b,h,l,h,v
e,y,b,u,p,n,v
p,s,b,w,p,h,v
p,y,b,g,l,h,y
e,f,b,w,p,k,v
p,y,b,h,l,h,y
p,y,b,h,l,h,y
p,y,b,h,l,h,y
p,y,b,h,l,h,y
p,f,b,p,l,h,y
p,s,n,g,p,k,v
p,y,b,g,l,h,v
e,y,b,u,p,n,v
p,f,b,g,l,h,y
p,s,n,u,p,n,s
p,f,b,h,l,h,v
p,s,n,u,p,k,v
e,f,b,w,p,n,v
p,y,b,p,l,h,v
p,f,n,p,p,k,v
p,s,b,p,p,h,v
e,y,b,e,e,w,c
p,f,b,g,l,h,y
p,f,b,p,l,h,y
p,f,b,h,l,h,y
e,f,b,u,p,n,y
p,y,b,h,l,h,v
p,f,b,p,l,h,y
p,y,b,p,l,h,v
p,s,b,h,p,h,s
p,y,b,h,l,h,v
p,f,b,p,l,h,v
e,f,b,p,p,k,v
p,y,b,p,l,h,y
e,f,b,w,p,k,y
p,y,b,g,l,h,y
p,y,b,h,l,h,y
e,f,b,w,p,n,v
e,f,b,w,p,k,y
e,y,b,w,p,k,y
e,y,b,w,p,n,v
p,f,b,g,l,h,y
e,f,b,u,p,k,v
p,y,b,p,l,h,v
p,y,b,p,l,h,v
p,y,b,p,l,h,v
e,f,b,u,p,n,v
e,y,b,u,p,n,v
p,y,b,g,l,h,v
p,f,b,h,l,h,y
p,y,b,p,l,h,y
p,y,n,b,e,w,v
p,y,b,h,l,h,y
p,y,b,g,l,h,v
p,f,b,p,l,h,v
p,s,b,p,p,h,s
p,y,b,p,l,h,y
p,s,n,u,p,k,s
e,f,b,w,p,k,v
p,y,b,h,l,h,y
p,f,b,p,l,h,v
p,f,b,p,l,h,v
p,f,b,h,l,h,y
e,f,b,u,p,k,v
p,f,b,p,l,h,y
e,y,b,u,p,n,y
p,y,b,h,l,h,v
p,f,b,p,l,h,y
p,s,n,u,p,k,v
p,y,b,h,l,h,y
e,y,b,p,p,k,v
p,f,n,u,p,k,s
p,f,b,p,l,h,v
p,f,b,p,l,h,y
p,f,n,u,p,n,v
p,f,b,p,l,h,y
p,f,b,h,l,h,v
e,y,b,p,p,k,v
p,y,b,g,l,h,v
p,s,n,u,p,k,v
e,f,b,n,p,n,v
e,f,b,n,p,n,y
e,y,b,p,p,k,y
p,f,b,p,l,h,y
p,y,b,g,l,h,v
p,f,b,g,l,h,y
p,f,b,g,l,h,y
e,y,b,w,p,n,y
p,y,b,p,l,h,v
p,y,b,h,l,h,v
p,f,b,p,l,h,v
e,f,b,u,p,n,v
e,y,b,p,p,n,v
p,f,b,h,l,h,y
e,y,n,h,f,h,y
e,y,b,u,p,n,y
p,y,b,p,l,h,v
p,y,b,p,l,h,y
p,f,b,g,l,h,v
p,f,b,h,l,h,v
p,y,b,p,l,h,v
e,f,b,u,p,n,v
p,y,b,h,l,h,y
p,f,b,h,l,h,v
e,y,b,n,p,n,y
e,f,b,w,p,k,y
e,f,b,w,p,k,v
e,f,b,p,p,n,y
p,y,b,h,l,h,v
p,f,n,u,p,k,v
p,y,b,p,l,h,y
p,y,n,b,e,w,v
p,f,b,p,l,h,v
p,y,b,p,l,h,y
e,y,b,u,p,n,y
p,y,n,b,e,w,v
e,y,b,n,p,n,v
e,f,b,w,p,k,y
p,f,b,p,l,h,v
e,y,b,w,p,k,y
p,f,b,p,l,h,y
p,f,b,g,l,h,v
e,f,b,u,p,n,v
p,f,b,p,l,h,y
p,f,b,g,l,h,v
p,f,b,g,l,h,v
p,f,b,g,l,h,y
p,f,b,p,l,h,v
p,f,b,h,l,h,v
p,y,b,p,l,h,v
e,y,b,u,p,k,v
p,f,b,h,l,h,v
e,f,b,u,p,k,v
e,y,b,p,p,k,y
p,y,b,p,l,h,y
e,f,b,p,p,k,y
p,y,b,g,l,h,v
p,y,b,h,l,h,v
p,s,n,g,p,k,s
e,f,b,w,p,k,v
p,y,b,g,l,h,y
p,f,b,h,l,h,y
p,y,b,h,l,h,v
e,y,b,w,p,k,v
p,y,b,p,l,h,y
p,f,b,g,l,h,y
e,y,b,w,p,n,v
e,y,b,w,p,k,v
p,s,b,p,p,h,v
p,f,b,h,l,h,v
p,y,b,p,l,h,v
p,y,b,p,l,h,v
e,y,b,w,p,n,y
p,y,b,h,l,h,v
e,f,b,p,p,n,v
e,y,b,p,p,n,v
e,y,b,n,p,n,y
p,f,b,h,l,h,v
e,y,b,u,p,k,y
p,y,b,g,l,h,y
e,f,b,u,p,n,v
p,f,b,p,l,h,v
p,y,b,p,l,h,v
p,y,b,p,l,h,v
p,f,b,h,l,h,v
p,f,b,p,l,h,y
p,y,b,h,l,h,v
p,y,b,p,l,h,y
p,s,b,w,p,h,s
p,f,b,h,l,h,v
p,y,b,p,l,h,v
p,f,b,g,l,h,y
p,f,b,h,l,h,v
p,f,b,g,l,h,y
e,f,b,w,p,k,y
p,f,b,p,l,h,y
p,f,b,h,l,h,y
e,y,b,u,p,k,y
p,y,b,h,l,h,v
p,y,b,g,l,h,y
p,f,b,g,l,h,v
p,f,b,g,l,h,y
e,y,b,p,p,n,y
p,y,b,h,l,h,v
p,y,b,h,l,h,v
p,f,b,h,l,h,v
p,f,b,h,l,h,y
p,y,b,p,l,h,y
p,s,b,w,p,h,s
p,y,n,b,e,w,v
p,f,n,n,p,k,v
p,f,n,n,p,n,v
p,y,n,b,e,w,v
p,f,b,g,l,h,y
p,s,b,w,p,h,s
p,y,b,h,l,h,y
p,f,b,p,l,h,y
p,y,b,g,l,h,y
p,f,b,h,l,h,y
p,y,b,h,l,h,y
p,y,b,g,l,h,y
p,f,b,h,l,h,y
p,f,b,p,l,h,y
p,f,b,p,l,h,v
p,f,b,h,l,h,v
p,f,b,g,l,h,y
p,y,b,p,l,h,v
p,s,b,h,p,h,v
p,f,b,h,l,h,y
p,y,b,p,l,h,y
p,f,b,g,l,h,v
p,y,b,h,l,h,v
p,y,b,p,l,h,y
e,y,b,p,p,n,v
p,f,b,h,l,h,v
p,f,b,h,l,h,y
p,y,b,h,l,h,v
p,f,b,g,l,h,v
p,f,b,g,l,h,v
p,f,b,h,l,h,y
p,y,b,p,l,h,y
p,s,b,p,p,h,s
p,f,b,h,l,h,v
p,f,b,p,l,h,v
p,y,b,h,l,h,y
p,f,b,p,l,h,y
p,f,b,h,l,h,v
p,f,b,g,l,h,v
p,f,b,h,l,h,y
p,f,b,g,l,h,v
p,f,b,p,l,h,y
p,y,b,p,l,h,v
p,y,b,g,l,h,v
p,s,b,h,p,h,s
p,f,b,p,l,h,y
p,y,b,p,l,h,v
p,f,b,p,l,h,y
p,y,b,g,l,h,v
e,y,b,u,p,n,y
p,y,b,h,l,h,y
p,y,b,h,l,h,y
p,f,b,h,l,h,v
p,y,b,h,l,h,v
p,f,b,g,l,h,y
p,y,b,h,l,h,v
p,f,b,g,l,h,y
p,y,b,g,l,h,y
p,f,n,p,p,k,s
p,f,b,h,l,h,y
p,y,b,g,l,h,v
p,f,b,g,l,h,v
p,f,b,g,l,h,v
p,y,b,h,l,h,y
p,y,b,g,l,h,v
p,y,b,g,l,h,y
p,y,b,p,l,h,v
p,f,b,p,l,h,y
p,y,b,h,l,h,y
p,f,b,p,l,h,y
p,y,b,h,l,h,v
p,f,b,h,l,h,y
p,f,b,p,l,h,v
p,f,b,p,l,h,v
p,f,b,g,l,h,y
p,y,b,g,l,h,y
p,f,b,g,l,h,v
p,y,b,h,l,h,y
p,y,b,h,l,h,v
e,s,b,e,e,w,c
p,f,b,p,l,h,v
p,f,b,p,l,h,v
p,f,b,h,l,h,y
p,f,b,p,l,h,y
p,y,b,g,l,h,y
p,y,b,g,l,h,y
p,f,b,g,l,h,v
p,f,b,g,l,h,v
p,f,b,g,l,h,y
p,f,b,h,l,h,y
e,y,b,w,p,n,y
p,y,b,g,l,h,v
p,y,b,g,l,h,v
p,y,b,p,l,h,y
p,y,b,g,l,h,y
p,f,b,p,l,h,y
p,f,b,g,l,h,v
p,f,b,p,l,h,v
p,f,b,h,l,h,v
p,f,b,h,l,h,v
p,y,b,g,l,h,y
p,f,b,h,l,h,y
p,y,b,h,l,h,v
p,f,b,g,l,h,y
p,y,b,p,l,h,y
p,y,b,p,l,h,v
e,y,n,p,f,h,v
p,y,b,p,l,h,y
p,f,b,g,l,h,y
p,y,b,h,l,h,v
p,y,n,w,e,w,v
p,f,b,p,l,h,y
p,y,b,h,l,h,v
p,y,b,h,l,h,y
p,y,b,g,l,h,y
p,f,b,p,l,h,v
p,f,b,g,l,h,v
p,y,b,g,l,h,v
p,y,b,p,l,h,y
e,y,b,w,p,k,y
p,y,b,h,l,h,v
p,f,b,g,l,h,v
p,f,b,p,l,h,v
p,f,b,h,l,h,y
p,y,b,g,l,h,v
p,f,b,g,l,h,v
p,y,b,g,l,h,y
p,f,b,p,l,h,v
p,y,b,p,l,h,v
e,s,b,e,e,w,c
p,f,b,g,l,h,v
p,f,b,p,l,h,y
p,y,b,g,l,h,y
p,y,b,g,l,h,y
p,y,b,g,l,h,v
p,f,b,h,l,h,y
p,y,n,w,p,w,c
p,s,b,h,p,h,v
p,y,b,p,l,h,y
p,y,b,g,l,h,y
p,y,b,g,l,h,v
p,y,b,p,l,h,v
p,f,b,g,l,h,y
p,y,b,h,l,h,v
p,f,b,p,l,h,v
p,f,b,p,l,h,y
p,s,b,w,p,h,s
e,y,b,n,p,n,v
p,y,n,b,e,w,v
p,y,b,p,l,h,y
p,f,b,g,l,h,y
e,y,b,n,p,k,v
e,y,b,e,e,w,c
p,y,b,h,l,h,v
p,y,b,p,l,h,y
p,f,b,g,l,h,y
p,y,b,p,l,h,y
p,f,b,p,l,h,y
p,y,b,p,l,h,v
p,y,b,h,l,h,v
p,y,b,g,l,h,y
p,y,b,h,l,h,y
p,y,b,h,l,h,y
p,y,b,g,l,h,y
p,y,b,h,l,h,v
p,y,b,p,l,h,y
e,y,n,h,f,h,y
p,f,b,g,l,h,v
p,f,b,g,l,h,v
p,f,b,h,l,h,y
p,f,b,h,l,h,v
p,f,b,h,l,h,v
p,f,b,h,l,h,v
p,y,b,p,l,h,y
p,f,b,h,l,h,v
p,f,b,h,l,h,y
p,y,b,g,l,h,y
e,f,b,u,p,n,y
p,s,b,h,p,h,v
p,y,b,g,l,h,v
p,y,b,p,l,h,y
p,f,b,p,l,h,y
p,y,b,h,l,h,v
e,y,b,u,p,k,v
p,y,b,h,l,h,y
e,s,b,e,e,w,c
p,y,b,p,l,h,y
p,f,b,p,l,h,y
p,y,b,h,l,h,y
p,y,b,g,l,h,v
e,f,b,n,p,k,y
p,f,b,p,l,h,v
p,f,b,p,l,h,v
p,y,b,h,l,h,v
p,f,b,p,l,h,v
p,y,n,b,e,w,v
p,f,b,p,l,h,v
p,y,b,h,l,h,v
p,f,b,g,l,h,v
p,f,b,g,l,h,v
p,y,b,p,l,h,v
p,y,b,h,l,h,v
p,y,b,g,l,h,y
p,y,b,p,l,h,y
p,y,b,h,l,h,y
e,y,b,u,p,k,y
p,f,b,g,l,h,y
p,y,b,h,l,h,v
p,y,b,p,l,h,y
e,y,b,n,p,n,v
p,y,b,g,l,h,y
p,y,b,p,l,h,v
p,y,b,p,l,h,y
p,f,b,h,l,h,y
p,y,b,h,l,h,y
p,y,b,p,l,h,y
p,y,n,b,e,w,v
p,y,b,p,l,h,y
p,y,b,g,l,h,y
p,y,b,h,l,h,y
p,f,b,g,l,h,y
p,s,b,p,p,h,v
p,y,b,g,l,h,v
p,f,b,p,l,h,y
p,y,b,g,l,h,v
p,y,b,h,l,h,v
p,y,b,h,l,h,y
p,y,b,p,l,h,v
p,y,b,p,l,h,y
p,f,b,h,l,h,y
p,f,b,h,l,h,v
e,y,b,p,p,k,y
p,y,b,h,l,h,v
p,y,b,h,l,h,v
p,y,b,g,l,h,v
p,y,b,g,l,h,y
p,f,b,g,l,h,v
p,y,b,p,l,h,v
p,y,b,p,l,h,v
p,f,b,h,l,h,y
e,f,n,w,e,w,v
p,y,b,h,l,h,v
p,y,b,p,l,h,y
p,f,n,w,e,w,v
p,f,b,h,l,h,y
p,s,b,p,p,h,v
e,s,b,e,e,w,c
p,y,n,b,e,w,v
p,s,n,u,p,k,v
p,f,b,g,l,h,y
p,y,b,g,l,h,y
p,y,b,p,l,h,v
p,y,b,p,l,h,y
p,y,b,h,l,h,y
p,f,b,g,l,h,y
p,f,b,p,l,h,v
p,f,b,p,l,h,v
p,y,b,h,l,h,y
p,f,b,h,l,h,v
p,y,b,p,l,h,v
p,y,b,g,l,h,v
e,s,b,w,e,w,c
p,f,b,g,l,h,v
p,y,n,b,e,w,v
p,y,b,p,l,h,y
p,f,b,g,l,h,y
p,y,b,g,l,h,v
p,f,b,h,l,h,v
p,f,b,h,l,h,y
p,y,b,g,l,h,v
e,y,n,h,f,h,v
e,y,b,e,e,w,c
p,y,b,h,l,h,y
p,y,b,g,l,h,y
p,f,b,p,l,h,y
p,y,b,h,l,h,v
p,f,b,h,l,h,y
p,y,b,p,l,h,v
p,f,b,h,l,h,v
p,y,b,h,l,h,y
p,f,b,h,l,h,v
p,s,b,w,p,h,v
p,s,b,g,p,r,v
p,y,b,p,l,h,y
p,f,b,p,l,h,v
p,y,b,g,l,h,v
p,y,b,h,l,h,v
p,f,b,g,l,h,v
e,f,b,u,p,n,v
e,y,n,u,f,h,v
p,f,b,p,l,h,v
p,y,b,p,l,h,v
p,y,b,h,l,h,y
p,f,b,p,l,h,v
p,y,b,g,l,h,y
p,f,b,h,l,h,v
p,y,b,p,l,h,y
p,y,b,g,l,h,v
p,f,b,g,l,h,y
e,f,b,w,p,n,v
p,y,b,h,l,h,y
p,f,b,g,l,h,v
p,y,b,g,l,h,y
p,y,b,g,l,h,v
p,f,b,p,l,h,y
p,f,b,p,l,h,y
p,y,b,h,l,h,y
p,y,b,p,l,h,v
p,f,n,g,p,n,v
p,f,b,p,l,h,v
p,y,b,h,l,h,v
p,y,b,g,l,h,v
p,f,b,g,l,h,y
p,y,b,p,l,h,v
p,f,b,h,l,h,y
p,f,b,h,l,h,v
p,f,b,g,l,h,v
p,y,b,p,l,h,y
p,f,b,p,l,h,v
p,y,b,h,l,h,y
p,f,b,p,l,h,y
p,f,b,g,l,h,v
p,f,b,h,l,h,y
p,f,b,g,l,h,v
p,y,b,g,l,h,y
p,y,b,p,l,h,v
p,y,b,h,l,h,v
p,y,b,g,l,h,v
p,y,n,b,e,w,v
e,y,b,w,e,w,c
p,y,b,p,l,h,y
p,y,b,p,l,h,y
p,f,b,p,l,h,v
p,f,b,p,l,h,v
p,f,b,p,l,h,y
p,y,b,h,l,h,v
p,y,b,h,l,h,y
p,f,b,g,l,h,y
p,y,b,g,l,h,v
p,f,b,h,l,h,v
p,y,b,g,l,h,v
p,f,n,u,p,k,s
p,s,b,w,p,h,v
e,f,b,w,p,k,v
p,y,b,p,l,h,y
e,f,b,u,p,k,v
p,y,b,p,l,h,y
p,y,b,p,l,h,v
p,f,b,p,l,h,y
p,f,b,h,l,h,y
p,y,b,h,l,h,v
p,s,b,w,p,h,s
p,y,b,p,l,h,v
p,f,b,g,l,h,v
p,y,b,g,l,h,y
p,y,b,p,l,h,v
p,f,b,h,l,h,y
p,y,b,p,l,h,v
e,y,b,n,p,n,y
p,f,b,h,l,h,v
p,f,b,h,l,h,y
p,y,b,h,l,h,y
p,f,b,p,l,h,y
p,f,b,h,l,h,v
p,y,b,g,l,h,v
p,f,b,g,l,h,v
p,y,b,g,l,h,v
p,s,b,h,p,h,s
e,y,b,w,e,w,c
p,y,b,p,l,h,v
p,y,b,p,l,h,y
p,f,b,h,l,h,y
p,y,b,g,l,h,y
p,f,b,h,l,h,y
p,f,b,p,l,h,y
p,y,b,h,l,h,y
p,y,b,g,l,h,y
e,s,b,w,e,w,c
p,y,b,g,l,h,y
p,f,b,g,l,h,v
p,f,b,p,l,h,y
p,y,b,g,l,h,y
p,y,b,p,l,h,y
p,y,b,g,l,h,y
p,f,b,g,l,h,y
p,f,b,p,l,h,y
p,y,b,h,l,h,y
p,f,b,p,l,h,v
p,y,b,h,l,h,v
p,y,b,p,l,h,y
p,f,b,h,l,h,v
p,y,b,h,l,h,y
p,y,b,h,l,h,v
p,f,b,h,l,h,v
p,y,b,h,l,h,y
p,s,b,h,p,h,s
p,y,b,h,l,h,v
p,f,n,g,p,k,s
p,f,b,g,l,h,y
p,s,b,h,p,h,s
p,y,b,h,l,h,y
p,y,b,h,l,h,y
p,s,b,w,p,r,v
p,s,b,p,p,h,v
p,y,b,g,l,h,v
p,y,b,h,l,h,y
p,f,b,g,l,h,v
p,f,b,h,l,h,y
p,f,b,h,l,h,v
e,y,n,u,f,h,v
p,f,b,g,l,h,y
e,f,b,w,p,n,v
p,f,b,g,l,h,y
p,y,n,b,e,w,v
p,y,b,g,l,h,y
p,f,b,p,l,h,y
p,f,b,p,l,h,y
p,y,b,g,l,h,v
p,y,b,h,l,h,y
p,f,b,h,l,h,y
p,y,b,g,l,h,v
p,y,b,h,l,h,y
e,y,b,n,p,n,y
p,y,b,g,l,h,v
e,f,b,w,p,k,y
p,f,b,h,l,h,y
p,y,b,h,l,h,y
p,y,b,h,l,h,y
p,f,b,p,l,h,y
p,f,b,h,l,h,v
p,f,b,p,l,h,v
p,y,b,p,l,h,y
p,f,b,g,l,h,v
p,y,b,h,l,h,y
p,y,b,g,l,h,y
p,f,b,g,l,h,y
p,y,b,g,l,h,v
p,f,b,g,l,h,v
p,y,b,h,l,h,v
p,y,b,p,l,h,y
p,y,b,h,l,h,v
p,y,b,h,l,h,v
p,y,b,g,l,h,y
p,f,b,g,l,h,v
p,y,b,g,l,h,v
p,y,b,p,l,h,v
p,y,b,p,l,h,y
p,f,b,h,l,h,y
p,y,b,g,l,h,v
p,y,b,p,l,h,y
p,y,b,g,l,h,y
p,f,b,g,l,h,v
p,y,b,p,l,h,y
p,f,b,p,l,h,v
p,f,b,h,l,h,v
p,y,b,g,l,h,y
p,f,b,p,l,h,v
p,y,b,h,l,h,v
p,f,b,h,l,h,v
p,y,b,p,l,h,y
p,f,b,p,l,h,v
e,s,b,e,e,w,c
p,f,b,p,l,h,v
p,s,n,g,p,k,v
p,f,b,h,l,h,y
p,f,b,g,l,h,y
p,f,b,p,l,h,y
e,f,b,p,p,n,y
p,y,b,g,l,h,v
p,f,b,p,l,h,y
p,y,b,h,l,h,v
p,f,b,p,l,h,y
e,y,b,n,p,n,v
p,y,b,h,l,h,y
p,f,b,h,l,h,v
p,f,b,h,l,h,y
p,y,b,h,l,h,y
p,y,b,h,l,h,v
p,f,b,h,l,h,v
p,y,b,g,l,h,y
p,s,b,h,p,h,s
p,y,n,b,e,w,v
p,s,b,p,p,h,v
p,y,b,g,l,h,y
p,y,b,g,l,h,v
p,y,b,p,l,h,v
e,y,b,e,e,w,c
p,f,b,g,l,h,y
p,y,b,p,l,h,y
p,f,b,p,l,h,y
e,y,b,e,e,w,c
p,y,b,p,l,h,v
p,f,n,w,e,w,v
p,f,b,g,l,h,v
p,f,b,h,l,h,v
p,y,n,b,e,w,v
p,f,b,h,l,h,v
p,f,b,g,l,h,y
p,s,b,w,p,h,v
p,f,b,g,l,h,v
p,y,b,h,l,h,y
e,y,b,w,e,w,c
p,y,b,g,l,h,v
p,f,n,w,e,w,v
p,y,b,p,l,h,v
p,s,b,p,p,h,s
p,y,b,h,l,h,v
p,f,b,p,l,h,v
e,y,b,e,e,w,c
p,f,b,g,l,h,v
e,y,n,w,e,w,v
p,s,n,p,p,n,v
p,f,b,g,l,h,y
p,f,b,g,l,h,v
p,y,b,p,l,h,v
p,s,b,g,p,r,v
e,y,b,n,p,n,y
p,s,b,g,p,r,v
e,y,b,w,e,w,c
p,s,b,p,p,h,v
p,y,b,h,l,h,y
p,y,b,h,l,h,v
p,y,b,h,l,h,v
p,y,b,p,l,h,v
p,f,b,g,l,h,y
p,y,b,h,l,h,y
p,f,b,g,l,h,y
p,y,b,g,l,h,y
p,f,b,p,l,h,v
e,s,b,w,e,w,c
e,y,b,e,e,w,c
e,s,b,w,e,w,c
p,y,b,g,l,h,v
e,f,b,u,p,n,v
p,f,b,p,l,h,y
p,y,b,h,l,h,y
p,s,b,p,p,h,v
p,f,b,p,l,h,v
p,f,b,h,l,h,y
p,f,b,p,l,h,v
p,y,n,b,e,w,v
p,f,b,h,l,h,v
e,y,b,e,e,w,c
e,y,b,p,p,k,v
p,y,b,g,l,h,y
p,y,b,h,l,h,v
p,f,b,p,l,h,y
e,f,b,n,p,n,v
p,y,b,h,l,h,v
p,f,b,p,l,h,v
p,y,b,w,p,r,v
p,f,b,p,l,h,y
p,y,n,b,e,w,v
p,f,b,g,l,h,y
p,y,b,g,l,h,v
p,y,b,g,l,h,y
p,s,b,h,p,h,s
p,y,b,h,l,h,v
p,s,b,w,p,h,s
p,f,n,g,p,k,v
p,f,b,g,l,h,y
p,y,b,p,l,h,y
p,y,b,h,l,h,y
e,y,n,p,f,h,y
e,y,n,h,f,h,v
p,f,b,h,l,h,v
p,y,b,h,l,h,y
p,y,b,p,l,h,y
p,y,n,b,e,w,v
p,y,b,h,l,h,y
p,y,b,g,l,h,v
p,f,b,h,l,h,y
p,y,b,g,l,h,y
p,y,b,g,l,h,v
p,f,b,h,l,h,y
e,s,b,w,e,w,c
p,f,b,h,l,h,y
p,y,b,h,l,h,y
p,s,b,p,p,h,s
p,f,b,p,l,h,y
p,y,b,p,l,h,y
p,f,b,h,l,h,v
p,s,n,n,p,k,v
e,y,b,u,p,n,y
p,f,b,g,l,h,y
p,y,b,p,l,h,y
e,s,b,e,e,w,c
p,f,b,h,l,h,v
p,f,b,g,l,h,v
p,y,b,g,l,h,y
e,f,n,w,e,w,v
e,y,b,e,e,w,c
p,y,b,g,l,h,v
p,f,b,g,l,h,v
p,s,b,h,p,h,v
p,y,b,g,l,h,y
p,y,b,p,l,h,v
p,y,b,p,l,h,v
p,y,n,b,e,w,v
e,s,b,w,e,w,c
p,f,b,g,l,h,y
p,f,b,g,l,h,v
p,y,b,h,l,h,y
p,f,b,g,l,h,v
p,y,b,h,l,h,v
p,y,n,w,e,w,v
p,y,b,g,l,h,y
p,f,b,h,l,h,y
p,y,b,h,l,h,v
p,s,b,w,p,h,v
p,y,b,g,l,h,y
p,f,b,g,l,h,v
p,y,b,g,l,h,y
p,f,b,p,l,h,v
p,f,b,g,l,h,y
p,y,b,h,l,h,y
p,f,b,p,l,h,y
e,s,b,w,e,w,c
e,s,b,e,e,w,c
p,y,b,g,p,r,v
p,y,b,p,l,h,v
p,y,b,h,l,h,v
p,f,b,g,l,h,v
p,f,b,p,l,h,y
p,y,b,h,l,h,y
p,y,b,h,l,h,v
p,f,b,p,l,h,v
p,y,b,p,l,h,y
p,y,b,p,l,h,v
p,y,b,h,l,h,y
p,y,b,g,l,h,v
p,f,b,g,l,h,y
p,y,b,g,l,h,v
p,y,b,g,l,h,y
e,y,n,w,f,h,y
p,f,b,g,l,h,v
p,y,b,p,l,h,v
p,y,b,p,l,h,y
p,f,b,p,l,h,y
p,y,b,h,l,h,v
e,s,b,e,e,w,c
p,f,b,h,l,h,y
p,y,b,h,l,h,v
e,s,b,w,e,w,c
p,f,b,g,l,h,y
p,y,b,g,l,h,v
p,y,n,b,e,w,v
p,f,b,g,l,h,v
p,y,n,w,e,w,v
p,s,b,w,p,r,v
p,f,b,p,l,h,v
e,y,n,u,f,h,y
p,f,b,g,l,h,v
p,y,b,g,l,h,y
p,f,b,h,l,h,y
e,y,b,w,e,w,c
p,y,b,g,l,h,v
p,y,b,p,l,h,v
p,y,b,g,l,h,v
e,s,b,w,e,w,c
p,y,b,p,l,h,y
p,y,b,p,l,h,v
p,f,b,h,l,h,v
p,f,b,p,l,h,v
p,s,n,p,p,n,v
p,f,b,g,l,h,y
p,f,b,g,l,h,v
p,s,b,p,p,h,s
p,y,b,g,l,h,y
p,f,b,h,l,h,y
p,f,b,g,l,h,y
p,y,b,p,l,h,v
p,y,b,g,l,h,v
p,y,b,g,l,h,y
p,f,b,h,l,h,v
p,f,b,p,l,h,y
p,f,b,g,l,h,v
p,f,b,h,l,h,y
p,s,b,w,p,h,v
p,f,b,h,l,h,v
p,f,b,h,l,h,y
p,f,b,p,l,h,v
p,y,b,p,l,h,v
p,y,n,b,e,w,v
p,y,b,p,l,h,y
p,f,b,g,l,h,y
p,y,b,h,l,h,y
p,y,b,g,l,h,y
p,s,b,w,p,h,s
p,y,b,h,l,h,v
p,s,b,p,p,h,s
p,s,b,h,p,h,s
p,y,b,g,l,h,y
p,f,b,h,l,h,v
p,f,b,h,l,h,v
p,y,b,p,l,h,v
p,f,b,h,l,h,v
p,y,n,b,e,w,v
p,y,b,h,l,h,v
p,f,b,h,l,h,y
p,f,b,h,l,h,v
p,f,b,h,l,h,y
p,y,b,p,l,h,y
p,y,b,g,l,h,v
p,f,b,g,l,h,v
p,y,b,h,l,h,y
p,f,b,g,l,h,y
p,f,b,h,l,h,y
e,f,n,w,e,w,v
p,f,b,h,l,h,v
p,y,b,h,l,h,y
p,y,b,g,l,h,v
p,y,b,p,l,h,v
p,f,b,p,l,h,y
p,f,b,p,l,h,v
p,y,b,g,l,h,y
p,y,b,w,p,r,v
e,y,b,e,e,w,c
p,y,b,g,l,h,v
p,f,b,p,l,h,v
e,y,b,e,e,w,c
p,s,b,p,p,h,s
p,y,n,b,e,w,v
p,y,n,b,e,w,v
p,y,n,b,e,w,v
p,g,n,w,p,w,c
p,s,b,p,p,h,v
p,y,b,p,l,h,y
p,y,b,g,l,h,v
p,y,b,p,l,h,y
e,y,b,w,e,w,c
p,s,b,w,p,h,v
p,s,b,h,p,h,s
p,y,n,b,e,w,v
e,y,n,w,e,w,v
p,s,b,w,p,h,s
p,s,b,h,p,h,v
p,s,b,w,p,h,v
p,s,b,p,p,h,v
e,y,n,w,e,w,v
p,y,b,g,l,h,v
p,s,b,h,p,h,v
p,s,b,w,p,h,s
p,g,n,w,p,w,c
p,s,b,p,p,h,s
p,g,n,w,p,w,c
p,s,b,p,p,h,v
p,s,b,h,p,h,s
p,f,n,w,e,w,v
p,y,n,b,e,w,v
e,s,b,w,e,w,c
e,y,b,w,e,w,c
p,s,b,w,p,h,v
p,y,b,p,l,h,y
p,y,b,p,l,h,y
p,s,b,r,p,r,v
p,y,n,b,e,w,v
p,y,n,b,e,w,v
e,s,b,e,e,w,c
p,y,n,b,e,w,v
p,f,b,g,l,h,y
p,y,n,b,e,w,v
e,f,n,w,e,w,v
p,y,n,b,e,w,v
e,s,b,e,e,w,c
e,y,b,w,e,w,c
p,y,b,g,l,h,y
p,y,b,r,p,r,v
p,y,n,w,e,w,v
p,y,n,b,e,w,v
p,s,b,w,p,h,s
p,s,b,h,p,h,v
p,y,b,h,l,h,y
p,s,b,w,p,h,v
p,y,n,b,e,w,v
p,s,b,p,p,h,v
p,f,n,w,e,w,v
e,y,b,w,e,w,c
p,s,b,w,p,h,s
p,s,b,p,p,h,s
e,y,b,w,e,w,c
p,f,b,p,l,h,y
p,f,n,w,e,w,v
e,y,b,e,e,w,c
p,y,b,p,l,h,y
p,s,b,h,p,h,v
p,y,b,h,l,h,v
p,y,b,h,l,h,v
e,s,b,w,e,w,c
e,s,b,e,e,w,c
p,y,b,r,p,r,v
e,s,b,w,e,w,c
p,y,b,g,l,h,y
p,s,b,w,p,h,v
p,s,b,p,p,h,s
e,y,n,w,e,w,v
p,y,n,b,e,w,v
e,y,n,h,f,h,v
p,y,b,p,l,h,v
p,y,b,w,p,r,v
p,s,b,h,p,h,v
e,s,b,w,e,w,c
p,y,n,b,e,w,v
p,s,b,h,p,h,s
e,y,b,e,e,w,c
p,f,b,h,l,h,v
p,y,b,g,l,h,v
p,f,b,g,l,h,y
p,s,b,p,p,h,s
p,y,b,p,l,h,v
p,f,b,h,l,h,v
e,s,b,w,e,w,c
p,y,b,h,l,h,v
p,s,b,h,p,h,s
p,y,b,g,l,h,v
p,y,n,b,e,w,v
p,s,b,p,p,h,v
p,y,b,w,p,r,v
e,y,b,w,e,w,c
p,s,b,w,p,h,v
p,y,n,b,e,w,v
e,y,b,w,e,w,c
e,y,b,w,e,w,c
e,s,b,e,e,w,c
p,y,n,w,e,w,v
p,s,b,h,p,h,v
p,y,n,b,e,w,v
p,y,n,b,e,w,v
p,s,b,w,p,h,s
p,y,n,b,e,w,v
e,f,n,w,e,w,v
p,y,b,h,l,h,v
e,s,b,w,e,w,c
p,f,b,p,l,h,y
p,y,b,p,l,h,v
p,y,n,w,p,w,c
e,f,n,w,e,w,v
p,f,n,w,e,w,v
p,s,b,w,p,h,s
p,y,n,w,e,w,v
p,y,b,g,l,h,v
e,s,b,e,e,w,c
p,y,b,p,l,h,v
p,y,n,b,e,w,v
p,y,b,p,l,h,v
p,y,b,w,p,r,v
p,s,b,p,p,h,v
p,s,b,w,p,h,v
e,y,b,w,e,w,c
p,y,b,g,l,h,v
p,y,b,w,p,r,v
p,s,b,w,p,h,v
e,s,b,w,e,w,c
p,s,b,w,p,h,s
p,s,b,p,p,h,v
p,y,b,g,l,h,y
e,s,b,w,e,w,c
p,y,n,b,e,w,v
p,y,n,b,e,w,v
p,y,n,b,e,w,v
p,s,b,h,p,h,v
e,s,b,e,e,w,c
e,s,b,e,e,w,c
p,s,b,w,p,h,s
e,f,n,w,e,w,v
p,y,n,b,e,w,v
p,s,b,h,p,h,v
p,y,n,w,e,w,v
p,s,b,w,p,r,v
p,f,b,g,l,h,y
e,y,b,w,e,w,c
p,y,n,w,p,w,c
p,s,b,p,p,h,v
e,y,n,u,f,h,y
e,y,n,w,f,h,v
e,s,b,w,e,w,c
p,s,b,h,p,h,v
p,y,n,b,e,w,v
p,y,b,g,l,h,y
p,s,b,w,p,h,s
e,s,b,e,e,w,c
p,y,n,b,e,w,v
p,f,b,p,l,h,y
e,s,b,e,e,w,c
p,s,b,p,p,h,s
p,y,n,b,e,w,v
p,s,b,p,p,h,s
e,f,n,w,e,w,v
p,s,b,w,p,h,v
p,f,b,p,l,h,v
e,y,n,w,f,h,y
p,f,b,g,l,h,v
p,y,n,b,e,w,v
p,y,n,b,e,w,v
e,y,b,w,e,w,c
p,s,b,w,p,h,v
p,y,n,b,e,w,v
p,y,n,w,e,w,v
p,y,n,b,e,w,v
e,y,b,e,e,w,c
p,s,b,h,p,h,v
p,y,b,p,l,h,v
e,y,b,w,e,w,c
p,y,b,g,p,r,v
e,y,n,w,e,w,v
p,y,b,g,l,h,v
p,s,b,h,p,h,s
p,y,n,b,e,w,v
p,s,b,h,p,h,s
p,s,b,w,p,h,s
p,y,n,b,e,w,v
e,y,n,p,f,h,v
p,y,n,b,e,w,v
p,f,b,g,l,h,v
p,y,n,b,e,w,v
p,y,b,p,l,h,v
p,s,b,h,p,h,s
p,y,n,w,e,w,v
p,s,b,w,p,h,v
p,s,b,h,p,h,v
e,y,n,w,e,w,v
p,s,b,h,p,h,v
p,y,n,b,e,w,v
p,y,b,p,l,h,y
e,s,b,e,e,w,c
p,y,b,r,p,r,v
p,f,n,w,e,w,v
p,y,b,h,l,h,y
e,f,n,w,e,w,v
e,f,n,w,e,w,v
p,y,n,b,e,w,v
p,s,b,p,p,h,v
p,s,b,h,p,h,s
p,s,b,w,p,h,v
p,s,b,h,p,h,s
e,y,n,h,f,h,v
p,s,b,h,p,h,s
p,y,n,b,e,w,v
p,s,b,w,p,h,v
p,y,b,p,l,h,y
p,y,b,h,l,h,y
p,y,n,w,e,w,v
e,s,b,e,e,w,c
p,s,b,h,p,h,s
p,y,n,b,e,w,v
p,y,b,h,l,h,v
p,y,b,g,l,h,y
p,s,b,h,p,h,s
p,y,b,h,l,h,y
e,s,b,w,e,w,c
p,s,b,p,p,h,s
p,s,b,h,p,h,s
p,y,n,b,e,w,v
p,s,b,h,p,h,s
e,y,b,w,e,w,c
p,y,n,b,e,w,v
p,s,b,p,p,h,v
e,y,b,e,e,w,c
p,s,b,w,p,h,v
e,f,n,w,e,w,v
e,y,n,w,e,w,v
e,s,b,w,e,w,c
p,s,b,w,p,h,v
e,y,b,w,e,w,c
p,s,b,p,p,h,v
e,s,b,e,e,w,c
p,y,n,w,e,w,v
p,s,b,h,p,h,s
p,f,b,h,l,h,v
p,y,b,p,l,h,y
p,f,n,w,e,w,v
p,y,b,p,l,h,y
p,y,b,p,l,h,v
e,y,n,w,e,w,v
p,y,n,b,e,w,v
p,y,n,b,e,w,v
p,y,b,r,p,r,v
p,y,b,g,l,h,y
p,s,b,w,p,h,s
p,s,b,p,p,h,s
p,s,b,h,p,h,s
p,y,n,b,e,w,v
p,y,b,h,l,h,v
e,s,b,e,e,w,c
p,y,b,g,l,h,v
e,s,b,w,e,w,c
e,s,b,e,e,w,c
p,s,b,p,p,h,v
p,y,b,h,l,h,v
e,s,b,e,e,w,c
e,s,b,w,e,w,c
p,y,b,g,l,h,v
p,s,b,h,p,h,s
p,s,b,p,p,h,s
p,s,b,w,p,h,s
p,s,b,w,p,h,s
p,y,b,p,l,h,v
p,y,n,b,e,w,v
p,s,b,w,p,h,s
e,f,n,w,e,w,v
p,s,b,h,p,h,v
e,y,n,p,f,h,y
p,f,b,p,l,h,v
p,y,n,b,e,w,v
p,y,n,b,e,w,v
p,y,b,h,l,h,v
e,y,b,e,e,w,c
p,s,b,w,p,h,s
p,s,b,w,p,h,v
p,y,n,b,e,w,v
p,s,b,w,p,h,v
p,s,b,w,p,h,s
p,y,b,p,l,h,y
p,y,b,g,l,h,y
p,s,b,w,p,h,s
p,s,b,p,p,h,s
p,s,b,h,p,h,s
p,s,b,h,p,h,s
p,y,n,b,e,w,v
p,s,b,w,p,h,s
p,y,b,w,p,r,v
p,y,n,b,e,w,v
e,y,b,e,e,w,c
p,s,b,w,p,h,v
p,s,b,p,p,h,v
p,y,n,b,e,w,v
p,y,n,b,e,w,v
p,s,b,w,p,r,v
p,y,n,b,e,w,v
p,y,b,g,l,h,v
p,y,b,h,l,h,v
p,y,b,r,p,r,v
p,s,b,h,p,h,s
e,y,b,w,e,w,c
p,s,b,w,p,h,v
p,s,b,p,p,h,s
p,y,n,b,e,w,v
p,f,b,p,l,h,v
p,y,b,p,l,h,v
p,y,b,p,l,h,y
e,y,b,w,e,w,c
p,y,n,b,e,w,v
p,y,b,h,l,h,y
p,y,b,g,p,r,v
p,y,b,w,p,r,v
p,y,b,h,l,h,v
e,y,n,w,f,h,v
p,s,b,p,p,h,s
p,s,b,p,p,h,s
p,y,n,b,e,w,v
e,y,b,e,e,w,c
e,s,b,w,e,w,c
p,s,b,h,p,h,v
p,y,b,p,l,h,y
p,y,n,b,e,w,v
p,y,n,w,p,w,c
p,s,b,p,p,h,v
p,s,b,w,p,h,s
p,y,n,b,e,w,v
p,y,n,b,e,w,v
e,y,b,e,e,w,c
e,y,n,h,f,h,y
p,y,b,h,l,h,y
p,y,n,b,e,w,v
p,f,b,g,l,h,y
p,y,n,b,e,w,v
p,s,b,h,p,h,v
p,y,n,b,e,w,v
e,f,n,w,e,w,v
p,y,b,p,l,h,y
e,y,b,e,e,w,c
p,y,b,r,p,r,v
e,y,n,h,f,h,v
p,y,n,b,e,w,v
p,y,n,b,e,w,v
p,y,b,g,l,h,v
p,y,n,b,e,w,v
p,y,n,b,e,w,v
e,y,b,w,e,w,c
e,y,b,w,e,w,c
e,s,b,e,e,w,c
p,s,b,w,p,h,v
e,y,b,e,e,w,c
p,f,b,g,l,h,y
p,y,b,g,l,h,y
p,y,b,g,l,h,y
p,s,b,p,p,h,v
e,y,n,w,e,w,v
e,y,n,w,e,w,v
p,s,b,r,p,r,v
p,s,b,h,p,h,s
e,y,n,p,f,h,v
p,s,b,w,p,h,s
e,y,n,p,f,h,y
p,s,b,p,p,h,v
e,y,b,e,e,w,c
p,y,n,b,e,w,v
p,y,n,b,e,w,v
p,s,b,p,p,h,v
p,y,b,p,l,h,v
e,y,b,e,e,w,c
p,s,b,w,p,h,v
p,y,b,h,l,h,v
p,f,b,h,l,h,v
p,s,b,p,p,h,v
e,s,b,w,e,w,c
e,y,b,e,e,w,c
p,y,b,g,l,h,v
p,s,b,h,p,h,s
p,y,n,b,e,w,v
e,y,n,w,e,w,v
p,y,n,b,e,w,v
p,s,b,w,p,h,s
p,y,n,b,e,w,v
e,y,n,w,e,w,v
p,y,n,b,e,w,v
p,s,b,p,p,h,s
e,y,n,h,f,h,y
p,y,b,w,p,r,v
e,s,b,w,e,w,c
p,s,b,w,p,h,v
p,y,b,p,l,h,v
p,y,b,r,p,r,v
p,y,n,b,e,w,v
e,s,b,e,e,w,c
e,y,n,w,f,h,y
p,y,n,b,e,w,v
e,y,n,w,e,w,v
p,s,b,r,p,r,v
p,s,b,p,p,h,v
p,s,b,r,p,r,v
p,f,b,h,l,h,y
e,s,b,w,e,w,c
p,y,b,g,l,h,v
p,s,b,g,p,r,v
p,s,b,p,p,h,v
e,f,n,w,e,w,v
p,s,b,h,p,h,v
e,s,b,e,e,w,c
e,y,b,e,e,w,c
e,y,b,e,e,w,c
p,f,b,h,l,h,y
p,s,b,h,p,h,v
p,y,b,g,l,h,v
e,y,b,e,e,w,c
e,y,n,w,e,w,v
p,y,b,g,l,h,v
p,f,b,g,l,h,v
p,y,b,p,l,h,y
p,f,b,g,l,h,v
p,y,b,g,p,r,v
e,s,b,e,e,w,c
p,y,b,g,l,h,v
e,s,b,e,e,w,c
p,y,b,g,l,h,y
p,y,b,g,l,h,v
p,y,n,b,e,w,v
p,s,b,w,p,h,v
p,s,b,w,p,h,s
p,y,b,h,l,h,y
e,y,b,w,e,w,c
p,y,b,p,l,h,y
e,s,b,w,e,w,c
e,y,b,e,e,w,c
p,y,b,h,l,h,v
p,s,b,w,p,h,s
p,s,b,p,p,h,v
p,f,n,w,e,w,v
p,s,b,h,p,h,s
e,y,b,e,e,w,c
p,y,b,g,l,h,y
p,s,b,p,p,h,s
p,y,b,p,l,h,y
e,y,n,w,e,w,v
p,f,b,p,l,h,y
p,y,n,b,e,w,v
e,y,b,w,e,w,c
p,s,b,h,p,h,v
p,y,b,h,l,h,y
p,y,b,p,l,h,y
p,y,n,b,e,w,v
e,y,n,w,f,h,y
p,y,b,p,l,h,y
p,s,b,h,p,h,v
p,s,b,w,p,h,v
p,s,b,w,p,h,s
e,y,b,w,e,w,c
p,f,n,w,e,w,v
e,y,n,w,f,h,v
p,y,n,b,e,w,v
e,s,b,w,e,w,c
p,s,b,w,p,h,v
p,y,b,p,l,h,v
e,s,b,e,e,w,c
p,s,b,p,p,h,v
p,y,b,h,l,h,v
p,y,n,b,e,w,v
e,y,b,w,e,w,c
p,y,b,h,l,h,v
e,s,b,e,e,w,c
p,y,n,b,e,w,v
e,s,b,w,e,w,c
p,y,b,p,l,h,v
p,y,b,g,l,h,y
e,f,n,w,e,w,v
p,y,b,w,p,r,v
e,y,b,w,e,w,c
p,s,b,w,p,h,v
p,y,b,p,l,h,v
p,s,b,p,p,h,s
p,y,n,b,e,w,v
p,y,n,b,e,w,v
e,y,n,u,f,h,v
e,y,b,w,e,w,c
p,g,n,w,p,w,c
p,s,b,p,p,h,s
p,y,n,b,e,w,v
e,s,b,w,e,w,c
p,y,n,b,e,w,v
p,s,b,h,p,h,s
e,s,b,e,e,w,c
p,s,b,p,p,h,s
p,s,b,r,p,r,v
e,f,n,w,e,w,v
p,s,b,p,p,h,v
e,s,b,e,e,w,c
e,y,b,w,e,w,c
e,y,n,u,f,h,v
p,y,n,b,e,w,v
e,y,b,w,e,w,c
p,y,b,w,p,r,v
p,s,b,w,p,h,s
p,s,b,p,p,h,v
e,s,b,w,e,w,c
p,s,b,p,p,h,s
e,y,b,e,e,w,c
p,y,b,g,p,r,v
p,y,n,b,e,w,v
p,y,b,g,l,h,v
p,s,b,w,p,h,s
e,f,n,w,e,w,v
p,s,b,p,p,h,v
p,s,b,w,p,h,v
p,s,b,r,p,r,v
p,s,b,r,p,r,v
p,s,b,w,p,h,s
p,y,n,b,e,w,v
p,y,b,g,l,h,v
e,s,b,w,e,w,c
p,y,n,b,e,w,v
p,s,b,p,p,h,s
p,s,b,g,p,r,v
p,y,n,b,e,w,v
p,s,b,h,p,h,v
e,y,n,u,f,h,y
p,s,b,h,p,h,s
p,y,n,b,e,w,v
e,y,b,w,e,w,c
p,y,n,b,e,w,v
p,y,n,b,e,w,v
p,s,b,p,p,h,s
e,y,n,p,f,h,y
p,s,b,g,p,r,v
p,s,b,p,p,h,v
e,y,n,w,e,w,v
e,y,n,p,f,h,v
p,s,b,w,p,h,v
e,y,n,w,f,h,v
p,y,n,b,e,w,v
p,s,b,r,p,r,v
p,y,n,w,e,w,v
p,y,b,g,l,h,y
p,s,b,h,p,h,v
p,y,b,h,l,h,v
e,y,b,w,e,w,c
p,s,b,w,p,r,v
p,y,n,b,e,w,v
p,y,b,h,l,h,y
p,y,b,g,p,r,v
e,y,n,w,e,w,v
p,f,b,g,l,h,y
p,y,b,h,l,h,v
p,y,b,p,l,h,v
p,s,b,h,p,h,s
p,y,n,b,e,w,v
p,s,b,h,p,h,s
p,f,b,p,l,h,y
e,f,n,w,e,w,v
p,s,b,w,p,h,s
p,s,b,h,p,h,v
e,s,b,e,e,w,c
p,s,b,h,p,h,s
p,y,b,p,l,h,v
p,y,n,b,e,w,v
p,s,b,p,p,h,v
p,s,b,h,p,h,s
p,y,b,p,l,h,v
e,f,n,w,e,w,v
p,y,n,b,e,w,v
e,y,b,e,e,w,c
p,y,n,b,e,w,v
p,y,n,b,e,w,v
e,s,b,w,e,w,c
p,y,b,h,l,h,v
e,s,b,w,e,w,c
p,y,b,p,l,h,v
e,y,b,e,e,w,c
p,y,n,b,e,w,v
p,y,b,p,l,h,y
p,y,b,r,p,r,v
p,y,n,b,e,w,v
e,y,n,w,f,h,v
e,y,n,h,f,h,y
p,y,n,b,e,w,v
p,s,b,p,p,h,s
e,y,n,w,f,h,v
p,s,b,w,p,r,v
p,y,b,g,l,h,v
p,s,b,h,p,h,v
p,y,b,g,l,h,y
p,f,b,h,l,h,v
p,y,b,h,l,h,y
p,s,b,p,p,h,s
p,s,b,w,p,h,s
e,s,b,w,e,w,c
p,s,b,w,p,h,s
p,y,b,g,l,h,y
p,s,b,w,p,r,v
p,y,n,b,e,w,v
p,f,b,p,l,h,y
p,y,b,g,l,h,y
e,y,b,e,e,w,c
e,s,b,w,e,w,c
e,s,b,e,e,w,c
p,y,n,b,e,w,v
e,y,b,w,e,w,c
p,s,b,w,p,h,s
p,s,b,g,p,r,v
p,y,n,b,e,w,v
p,y,n,b,e,w,v
p,y,b,h,l,h,y
p,y,n,b,e,w,v
p,s,b,w,p,h,v
e,y,b,w,e,w,c
e,y,n,u,f,h,y
p,y,b,g,l,h,y
p,s,b,h,p,h,v
p,y,n,b,e,w,v
p,s,b,h,p,h,v
p,f,b,h,l,h,y
p,y,n,b,e,w,v
p,y,b,p,l,h,v
p,s,b,p,p,h,v
p,s,b,w,p,h,v
p,s,b,p,p,h,s
p,y,n,b,e,w,v
p,s,b,h,p,h,v
e,y,b,e,e,w,c
e,s,b,w,e,w,c
p,s,b,h,p,h,s
e,s,b,e,e,w,c
p,y,b,p,l,h,y
p,y,n,b,e,w,v
p,s,b,g,p,r,v
p,y,b,p,l,h,y
e,f,n,w,e,w,v
p,y,b,p,l,h,y
p,s,b,p,p,h,s
e,s,b,w,e,w,c
e,s,b,w,e,w,c
p,s,b,w,p,h,v
p,f,b,p,l,h,y
p,s,b,h,p,h,s
p,f,b,h,l,h,v
p,s,b,p,p,h,s
e,y,b,w,e,w,c
e,y,b,e,e,w,c
p,y,b,g,l,h,y
e,s,b,w,e,w,c
p,s,b,w,p,h,v
p,y,b,g,l,h,v
p,s,b,h,p,h,v
p,s,b,h,p,h,v
p,y,b,g,l,h,v
p,y,b,p,l,h,y
p,f,b,g,l,h,v
p,s,b,g,p,r,v
p,y,n,b,e,w,v
p,s,b,w,p,r,v
e,y,b,w,e,w,c
p,y,n,b,e,w,v
p,y,n,b,e,w,v
p,s,b,w,p,h,s
p,y,n,w,e,w,v
p,s,b,w,p,h,v
e,y,b,e,e,w,c
e,s,b,e,e,w,c
e,y,b,w,e,w,c
p,y,b,g,p,r,v
p,s,b,w,p,h,v
p,s,b,p,p,h,s
p,f,b,p,l,h,v
p,y,n,b,e,w,v
p,y,b,w,p,r,v
p,s,b,h,p,h,v
p,s,b,r,p,r,v
e,y,n,p,f,h,y
e,y,n,w,e,w,v
p,f,b,p,l,h,v
p,y,b,g,l,h,v
e,s,b,e,e,w,c
p,f,b,h,l,h,y
p,f,n,w,e,w,v
p,y,n,b,e,w,v
p,y,b,h,l,h,y
p,y,b,g,l,h,y
p,s,b,p,p,h,s
e,y,n,w,e,w,v
p,y,b,g,p,r,v
p,f,n,w,e,w,v
p,y,b,h,l,h,v
p,y,n,b,e,w,v
p,f,b,h,l,h,y
p,f,b,p,l,h,v
p,s,b,p,p,h,s
e,y,n,u,f,h,y
p,y,n,b,e,w,v
p,s,b,g,p,r,v
p,s,b,w,p,h,v
e,s,b,e,e,w,c
p,s,b,w,p,h,s
e,f,n,w,e,w,v
p,y,b,p,l,h,v
e,y,n,w,f,h,y
p,s,b,r,p,r,v
p,y,b,p,l,h,y
p,s,b,h,p,h,s
p,y,n,b,e,w,v
p,y,b,g,l,h,v
p,s,b,h,p,h,s
p,y,n,b,e,w,v
p,y,n,b,e,w,v
p,y,b,g,p,r,v
p,y,b,g,l,h,v
p,y,n,b,e,w,v
e,y,b,e,e,w,c
e,y,n,p,f,h,y
p,y,b,g,l,h,y
p,y,n,b,e,w,v
p,s,n,b,e,w,v
p,y,n,b,e,w,v
p,y,n,b,e,w,v
p,y,n,b,e,w,v
p,s,n,b,e,w,v
p,y,n,b,e,w,v
p,y,n,b,e,w,v
p,s,n,b,e,w,v
p,s,n,b,e,w,v
p,s,n,b,e,w,v
p,s,n,b,e,w,v
p,y,n,b,e,w,v
p,y,n,b,e,w,v
p,y,n,b,e,w,v
p,y,n,b,e,w,v
p,s,n,b,e,w,v
p,s,n,b,e,w,v
p,s,n,b,e,w,v
p,s,n,b,e,w,v
p,y,n,b,e,w,v
p,s,n,b,e,w,v
p,s,n,b,e,w,v
p,s,n,b,e,w,v
p,y,n,b,e,w,v
p,s,n,b,e,w,v
p,y,n,b,e,w,v
p,s,n,b,e,w,v
p,s,n,b,e,w,v
p,s,n,b,e,w,v
p,y,n,b,e,w,v
p,y,n,b,e,w,v
e,s,b,y,p,n,c
p,s,n,b,e,w,v
e,s,b,o,p,n,v
p,y,n,b,e,w,v
p,y,n,b,e,w,v
p,y,n,b,e,w,v
p,s,n,b,e,w,v
p,y,n,b,e,w,v
p,s,n,b,e,w,v
p,s,n,b,e,w,v
p,s,n,b,e,w,v
p,s,n,b,e,w,v
p,y,n,b,e,w,v
p,s,n,b,e,w,v
p,s,n,b,e,w,v
p,y,n,b,e,w,v
p,y,n,b,e,w,v
p,y,n,b,e,w,v
p,s,n,b,e,w,v
p,y,n,b,e,w,v
p,y,n,b,e,w,v
p,y,n,b,e,w,v
p,s,n,b,e,w,v
p,s,n,b,e,w,v
p,s,n,b,e,w,v
p,s,n,b,e,w,v
p,y,n,b,e,w,v
p,s,n,b,e,w,v
p,s,n,b,e,w,v
p,y,n,b,e,w,v
p,s,n,b,e,w,v
p,y,n,b,e,w,v
p,s,n,b,e,w,v
p,y,n,b,e,w,v
p,y,n,b,e,w,v
p,s,n,b,e,w,v
p,s,n,b,e,w,v
p,s,n,b,e,w,v
p,s,n,b,e,w,v
p,s,n,b,e,w,v
p,y,n,b,e,w,v
p,s,n,b,e,w,v
p,y,n,b,e,w,v
p,s,n,b,e,w,v
p,s,n,b,e,w,v
p,y,n,b,e,w,v
p,s,n,b,e,w,v
p,y,n,b,e,w,v
p,y,n,b,e,w,v
p,y,n,b,e,w,v
p,y,n,b,e,w,v
p,y,n,b,e,w,v
p,y,n,b,e,w,v
p,s,n,b,e,w,v
p,y,n,b,e,w,v
p,y,n,b,e,w,v
p,s,n,b,e,w,v
p,y,n,b,e,w,v
p,y,n,b,e,w,v
p,y,n,b,e,w,v
p,s,n,b,e,w,v
p,s,n,b,e,w,v
p,s,n,b,e,w,v
e,s,b,w,p,w,v
p,s,n,b,e,w,v
p,s,n,b,e,w,v
p,y,n,b,e,w,v
p,y,n,b,e,w,v
p,s,n,b,e,w,v
p,y,n,b,e,w,v
p,s,n,b,e,w,v
p,s,n,b,e,w,v
p,y,n,b,e,w,v
p,s,n,b,e,w,v
p,s,n,b,e,w,v
p,y,n,b,e,w,v
p,s,n,b,e,w,v
p,s,n,b,e,w,v
p,s,n,b,e,w,v
p,s,n,b,e,w,v
p,y,n,b,e,w,v
p,y,n,b,e,w,v
p,y,n,b,e,w,v
p,y,n,b,e,w,v
p,y,n,b,e,w,v
e,f,b,g,p,w,s
p,s,n,b,e,w,v
p,s,n,b,e,w,v
p,s,n,b,e,w,v
p,s,n,b,e,w,v
p,s,n,b,e,w,v
p,y,n,b,e,w,v
p,s,n,b,e,w,v
p,y,n,b,e,w,v
p,s,n,b,e,w,v
p,s,n,b,e,w,v
p,s,n,b,e,w,v
p,y,n,b,e,w,v
p,s,n,b,e,w,v
p,s,n,b,e,w,v
p,s,n,b,e,w,v
p,s,n,b,e,w,v
p,s,n,b,e,w,v
p,s,n,b,e,w,v
p,s,n,b,e,w,v
p,s,n,b,e,w,v
p,y,n,b,e,w,v
p,s,n,b,e,w,v
p,y,n,b,e,w,v
p,s,n,b,e,w,v
p,y,n,b,e,w,v
p,s,n,b,e,w,v
p,y,n,b,e,w,v
p,s,n,b,e,w,v
p,y,n,b,e,w,v
p,y,n,b,e,w,v
p,y,n,b,e,w,v
p,y,n,b,e,w,v
p,y,n,b,e,w,v
p,s,n,b,e,w,v
p,y,n,b,e,w,v
p,s,n,b,e,w,v
p,y,n,b,e,w,v
p,s,n,b,e,w,v
p,y,n,b,e,w,v
p,s,n,b,e,w,v
p,y,n,b,e,w,v
p,y,n,b,e,w,v
p,s,n,b,e,w,v
p,y,n,b,e,w,v
e,s,b,g,p,w,s
p,y,n,b,e,w,v
p,s,n,b,e,w,v
p,y,n,b,e,w,v
p,y,n,b,e,w,v
p,s,n,b,e,w,v
p,y,n,b,e,w,v
p,y,n,b,e,w,v
p,s,n,b,e,w,v
p,y,n,b,e,w,v
p,y,n,b,e,w,v
e,f,b,p,p,w,n
p,y,n,b,e,w,v
p,y,n,b,e,w,v
p,s,n,b,e,w,v
p,s,n,b,e,w,v
e,s,b,g,p,w,s
p,s,n,b,e,w,v
p,s,n,b,e,w,v
p,s,n,b,e,w,v
p,y,n,b,e,w,v
p,s,n,b,e,w,v
p,s,n,b,e,w,v
p,y,n,b,e,w,v
p,y,n,b,e,w,v
p,y,n,b,e,w,v
p,y,n,b,e,w,v
p,y,n,b,e,w,v
p,y,n,b,e,w,v
p,s,n,b,e,w,v
p,s,n,b,e,w,v
p,s,n,b,e,w,v
p,s,n,b,e,w,v
p,s,n,b,e,w,v
p,y,n,b,e,w,v
p,s,n,b,e,w,v
p,y,n,b,e,w,v
p,s,n,b,e,w,v
p,s,n,b,e,w,v
p,s,n,b,e,w,v
p,s,n,b,e,w,v
p,y,n,b,e,w,v
p,y,n,b,e,w,v
p,s,n,b,e,w,v
p,y,n,b,e,w,v
p,y,n,b,e,w,v
p,y,n,b,e,w,v
p,s,n,b,e,w,v
p,s,n,b,e,w,v
e,s,b,g,p,w,s
p,s,n,b,e,w,v
p,s,n,b,e,w,v
p,s,n,b,e,w,v
p,y,n,b,e,w,v
p,s,n,b,e,w,v
p,s,n,b,e,w,v
p,s,n,b,e,w,v
p,s,n,b,e,w,v
p,s,n,b,e,w,v
p,s,n,b,e,w,v
p,y,n,b,e,w,v
p,y,n,b,e,w,v
p,s,n,b,e,w,v
p,s,n,b,e,w,v
p,s,n,b,e,w,v
p,y,n,b,e,w,v
p,y,n,b,e,w,v
p,s,n,b,e,w,v
p,y,n,b,e,w,v
p,y,n,b,e,w,v
p,s,n,b,e,w,v
p,y,n,b,e,w,v
p,s,n,b,e,w,v
p,s,n,b,e,w,v
p,s,n,b,e,w,v
p,s,n,b,e,w,v
p,s,n,b,e,w,v
p,y,n,b,e,w,v
p,y,n,b,e,w,v
p,y,n,b,e,w,v
p,s,n,b,e,w,v
p,s,n,b,e,w,v
p,s,n,b,e,w,v
p,s,n,b,e,w,v
p,y,n,b,e,w,v
p,y,n,b,e,w,v
p,y,n,b,e,w,v
p,s,n,b,e,w,v
p,y,n,b,e,w,v
p,s,n,b,e,w,v
p,s,n,b,e,w,v
p,s,n,b,e,w,v
p,y,n,b,e,w,v
p,s,n,b,e,w,v
p,s,n,b,e,w,v
p,y,n,b,e,w,v
p,s,n,b,e,w,v
p,s,n,b,e,w,v
p,y,n,b,e,w,v
p,y,n,b,e,w,v
p,y,n,b,e,w,v
p,s,n,b,e,w,v
p,y,n,b,e,w,v
p,y,n,b,e,w,v
p,y,n,b,e,w,v
p,y,n,b,e,w,v
p,s,n,b,e,w,v
p,y,n,b,e,w,v
p,y,n,b,e,w,v
e,f,b,w,p,w,s
p,y,n,b,e,w,v
p,s,n,b,e,w,v
p,y,n,b,e,w,v
p,y,n,b,e,w,v
p,y,n,b,e,w,v
p,s,n,b,e,w,v
p,y,n,b,e,w,v
p,s,n,b,e,w,v
p,y,n,b,e,w,v
p,y,n,b,e,w,v
p,y,n,b,e,w,v
p,s,n,b,e,w,v
p,s,n,b,e,w,v
p,s,n,b,e,w,v
p,s,n,b,e,w,v
p,s,n,b,e,w,v
p,s,n,b,e,w,v
p,y,n,b,e,w,v
p,s,n,b,e,w,v
p,s,n,b,e,w,v
p,y,n,b,e,w,v
p,s,n,b,e,w,v
p,s,n,b,e,w,v
p,y,n,b,e,w,v
p,y,n,b,e,w,v
p,y,n,b,e,w,v
p,s,n,b,e,w,v
p,s,n,b,e,w,v
p,s,n,b,e,w,v
p,s,n,b,e,w,v
p,y,n,b,e,w,v
p,y,n,b,e,w,v
p,s,n,b,e,w,v
p,y,n,b,e,w,v
e,s,b,o,p,o,v
p,s,n,b,e,w,v
p,s,n,b,e,w,v
p,y,n,b,e,w,v
p,y,n,b,e,w,v
p,s,n,b,e,w,v
p,y,n,b,e,w,v
p,s,n,b,e,w,v
p,s,n,b,e,w,v
p,s,n,b,e,w,v
p,y,n,b,e,w,v
p,y,n,b,e,w,v
p,y,n,b,e,w,v
p,s,n,b,e,w,v
p,y,n,b,e,w,v
p,s,n,b,e,w,v
p,s,n,b,e,w,v
p,s,n,b,e,w,v
e,f,b,g,p,w,s
p,s,n,b,e,w,v
p,y,n,b,e,w,v
p,s,n,b,e,w,v
p,y,n,b,e,w,v
p,y,n,b,e,w,v
p,s,n,b,e,w,v
p,s,n,b,e,w,v
p,s,n,b,e,w,v
p,s,n,b,e,w,v
p,y,b,w,n,w,c
p,y,n,b,e,w,v
p,s,n,b,e,w,v
p,s,n,b,e,w,v
p,y,n,b,e,w,v
p,y,n,b,e,w,v
p,s,n,b,e,w,v
p,s,n,b,e,w,v
e,s,b,n,p,y,c
p,y,n,b,e,w,v
p,y,n,b,e,w,v
p,s,n,b,e,w,v
p,s,n,b,e,w,v
p,s,n,b,e,w,v
p,y,n,b,e,w,v
e,s,b,n,p,o,v
p,s,n,b,e,w,v
p,y,n,b,e,w,v
p,s,n,b,e,w,v
p,y,n,b,e,w,v
p,y,n,b,e,w,v
p,s,n,b,e,w,v
p,s,n,b,e,w,v
p,y,n,b,e,w,v
p,s,n,b,e,w,v
p,y,n,b,e,w,v
p,s,n,b,e,w,v
p,y,n,b,e,w,v
e,s,b,g,p,w,n
p,s,n,b,e,w,v
p,y,n,b,e,w,v
p,y,n,b,e,w,v
p,y,n,b,e,w,v
p,s,n,b,e,w,v
p,y,n,b,e,w,v
p,s,n,b,e,w,v
p,y,n,b,e,w,v
p,s,n,b,e,w,v
p,y,n,b,e,w,v
p,y,n,b,e,w,v
p,y,n,b,e,w,v
p,y,n,b,e,w,v
p,y,n,b,e,w,v
p,s,n,b,e,w,v
p,s,n,b,e,w,v
p,s,n,b,e,w,v
p,s,n,b,e,w,v
p,s,n,b,e,w,v
p,s,n,b,e,w,v
p,s,n,b,e,w,v
p,y,n,b,e,w,v
p,s,n,b,e,w,v
p,s,n,b,e,w,v
p,s,n,b,e,w,v
p,y,n,b,e,w,v
p,y,n,b,e,w,v
p,s,n,b,e,w,v
p,y,n,b,e,w,v
p,s,n,b,e,w,v
p,s,n,b,e,w,v
p,y,n,b,e,w,v
p,s,n,b,e,w,v
p,y,n,b,e,w,v
p,y,n,b,e,w,v
p,s,n,b,e,w,v
p,y,n,b,e,w,v
p,s,n,b,e,w,v
p,s,n,b,e,w,v
p,y,n,b,e,w,v
p,s,n,b,e,w,v
p,s,n,b,e,w,v
p,y,n,b,e,w,v
p,y,n,b,e,w,v
p,s,n,b,e,w,v
p,y,n,b,e,w,v
p,s,n,b,e,w,v
p,y,n,b,e,w,v
e,f,b,p,p,w,n
p,s,n,b,e,w,v
p,s,n,b,e,w,v
p,y,n,b,e,w,v
p,s,n,b,e,w,v
p,s,n,b,e,w,v
p,s,n,b,e,w,v
e,f,b,p,p,w,n
p,y,n,b,e,w,v
p,y,n,b,e,w,v
p,s,n,b,e,w,v
p,y,n,b,e,w,v
p,y,n,b,e,w,v
p,s,n,b,e,w,v
p,s,n,b,e,w,v
p,s,n,b,e,w,v
p,y,n,b,e,w,v
p,s,n,b,e,w,v
e,f,b,p,p,w,n
p,y,n,b,e,w,v
p,s,n,b,e,w,v
p,s,n,b,e,w,v
p,s,n,b,e,w,v
p,y,n,b,e,w,v
p,y,n,b,e,w,v
p,y,n,b,e,w,v
p,s,n,b,e,w,v
p,s,n,b,e,w,v
p,s,n,b,e,w,v
p,y,n,b,e,w,v
p,y,n,b,e,w,v
p,y,n,b,e,w,v
p,y,n,b,e,w,v
p,s,n,b,e,w,v
p,y,n,b,e,w,v
p,y,n,b,e,w,v
p,y,n,b,e,w,v
p,s,n,b,e,w,v
p,y,n,b,e,w,v
p,y,n,b,e,w,v
p,s,n,b,e,w,v
p,s,n,b,e,w,v
p,s,n,b,e,w,v
p,y,n,b,e,w,v
p,s,n,b,e,w,v
e,s,b,n,p,b,v
p,s,n,b,e,w,v
p,s,n,b,e,w,v
p,s,n,b,e,w,v
p,s,n,b,e,w,v
p,s,n,b,e,w,v
p,s,n,b,e,w,v
p,s,n,b,e,w,v
p,s,n,b,e,w,v
p,s,n,b,e,w,v
p,s,n,b,e,w,v
p,y,n,b,e,w,v
p,s,n,b,e,w,v
p,s,n,b,e,w,v
p,y,n,b,e,w,v
p,s,n,b,e,w,v
p,s,n,b,e,w,v
p,y,n,b,e,w,v
p,s,n,b,e,w,v
p,y,n,b,e,w,v
p,s,n,b,e,w,v
p,s,n,b,e,w,v
p,y,n,b,e,w,v
p,y,n,b,e,w,v
p,s,n,b,e,w,v
p,s,n,b,e,w,v
p,y,n,b,e,w,v
p,y,n,b,e,w,v
p,s,n,b,e,w,v
p,s,n,b,e,w,v
p,s,n,b,e,w,v
e,s,b,p,p,w,n
p,y,n,b,e,w,v
p,y,n,b,e,w,v
p,s,n,b,e,w,v
p,s,n,b,e,w,v
p,y,n,b,e,w,v
p,s,n,b,e,w,v
p,s,n,b,e,w,v
p,y,n,b,e,w,v
p,y,n,b,e,w,v
p,s,n,b,e,w,v
p,s,n,b,e,w,v
p,y,n,b,e,w,v
p,s,n,b,e,w,v
p,s,n,b,e,w,v
p,s,n,b,e,w,v
p,s,n,b,e,w,v
p,y,n,b,e,w,v
p,s,n,b,e,w,v
p,y,n,b,e,w,v
p,s,n,b,e,w,v
p,s,n,b,e,w,v
p,s,n,b,e,w,v
p,s,n,b,e,w,v
p,y,n,b,e,w,v
p,s,n,b,e,w,v
p,s,n,b,e,w,v
p,s,n,b,e,w,v
p,s,n,b,e,w,v
p,s,n,b,e,w,v
p,s,n,b,e,w,v
p,y,n,b,e,w,v
p,s,n,b,e,w,v
p,s,n,b,e,w,v
p,s,n,b,e,w,v
p,s,n,b,e,w,v
p,s,n,b,e,w,v
p,y,n,b,e,w,v
p,s,n,b,e,w,v
p,s,n,b,e,w,v
p,y,n,b,e,w,v
p,y,n,b,e,w,v
p,y,n,b,e,w,v
p,y,n,b,e,w,v
p,y,n,b,e,w,v
p,y,n,b,e,w,v
p,s,n,b,e,w,v
p,s,n,b,e,w,v
p,y,n,b,e,w,v
p,s,n,b,e,w,v
p,s,n,b,e,w,v
p,s,n,b,e,w,v
e,f,b,p,p,w,s
p,s,n,b,e,w,v
p,s,n,b,e,w,v
e,s,b,o,p,y,v
p,s,n,b,e,w,v
p,y,n,b,e,w,v
p,y,n,b,e,w,v
p,s,n,b,e,w,v
p,y,b,w,n,w,c
p,s,n,b,e,w,v
p,s,n,b,e,w,v
p,y,n,b,e,w,v
p,s,n,b,e,w,v
p,s,n,b,e,w,v
p,s,n,b,e,w,v
p,s,n,b,e,w,v
p,y,n,b,e,w,v
p,y,n,b,e,w,v
p,y,n,b,e,w,v
p,y,n,b,e,w,v
p,s,n,b,e,w,v
p,s,n,b,e,w,v
p,s,n,b,e,w,v
p,y,n,b,e,w,v
p,y,n,b,e,w,v
p,s,n,b,e,w,v
p,s,n,b,e,w,v
p,s,n,b,e,w,v
p,s,n,b,e,w,v
p,y,n,b,e,w,v
p,y,n,b,e,w,v
p,y,n,b,e,w,v
p,s,n,b,e,w,v
p,y,n,b,e,w,v
p,s,n,b,e,w,v
p,s,n,b,e,w,v
p,s,n,b,e,w,v
p,y,n,b,e,w,v
p,s,n,b,e,w,v
p,s,n,b,e,w,v
p,s,n,b,e,w,v
p,s,n,b,e,w,v
p,y,n,b,e,w,v
p,s,n,b,e,w,v
p,s,n,b,e,w,v
p,s,n,b,e,w,v
p,s,n,b,e,w,v
p,s,n,b,e,w,v
p,s,n,b,e,w,v
p,s,n,b,e,w,v
p,s,n,b,e,w,v
p,y,n,b,e,w,v
p,s,n,b,e,w,v
p,s,n,b,e,w,v
p,s,n,b,e,w,v
p,s,n,b,e,w,v
p,s,n,b,e,w,v
p,s,n,b,e,w,v
p,y,n,b,e,w,v
p,y,n,b,e,w,v
p,y,n,b,e,w,v
p,y,n,b,e,w,v
p,y,n,b,e,w,v
p,s,n,b,e,w,v
p,s,n,b,e,w,v
p,s,n,b,e,w,v
p,s,n,b,e,w,v
p,s,n,b,e,w,v
p,s,n,b,e,w,v
p,s,n,b,e,w,v
p,s,n,b,e,w,v
p,y,n,b,e,w,v
e,f,b,w,p,w,s
p,y,n,b,e,w,v
p,y,n,b,e,w,v
p,y,n,b,e,w,v
p,s,n,b,e,w,v
p,y,n,b,e,w,v
p,y,n,b,e,w,v
p,y,n,b,e,w,v
p,s,n,b,e,w,v
p,y,n,b,e,w,v
e,f,b,p,p,w,s
e,s,b,y,p,o,c
p,s,n,b,e,w,v
p,y,n,b,e,w,v
p,s,n,b,e,w,v
p,y,n,b,e,w,v
p,s,n,b,e,w,v
p,y,n,b,e,w,v
p,y,n,b,e,w,v
p,s,n,b,e,w,v
p,s,n,b,e,w,v
e,f,b,g,p,w,n
p,s,n,b,e,w,v
p,s,n,b,e,w,v
p,s,n,b,e,w,v
p,s,n,b,e,w,v
p,s,n,b,e,w,v
p,y,n,b,e,w,v
p,s,n,b,e,w,v
p,s,n,b,e,w,v
p,s,n,b,e,w,v
p,s,n,b,e,w,v
p,s,n,b,e,w,v
p,s,n,b,e,w,v
p,s,n,b,e,w,v
p,s,n,b,e,w,v
p,s,n,b,e,w,v
p,y,n,b,e,w,v
p,y,n,b,e,w,v
p,y,n,b,e,w,v
p,y,n,b,e,w,v
p,s,n,b,e,w,v
p,y,n,b,e,w,v
p,s,n,b,e,w,v
p,s,n,b,e,w,v
p,y,n,b,e,w,v
p,y,n,b,e,w,v
p,y,n,b,e,w,v
p,s,n,b,e,w,v
p,s,n,b,e,w,v
p,s,n,b,e,w,v
p,s,n,b,e,w,v
p,s,n,b,e,w,v
p,y,n,b,e,w,v
p,y,n,b,e,w,v
p,s,n,b,e,w,v
p,s,n,b,e,w,v
p,y,n,b,e,w,v
p,s,n,b,e,w,v
p,y,n,b,e,w,v
p,s,n,b,e,w,v
p,y,n,b,e,w,v
p,y,n,b,e,w,v
p,s,n,b,e,w,v
e,s,b,w,p,w,n
p,y,n,b,e,w,v
p,s,n,b,e,w,v
p,s,n,b,e,w,v
p,s,n,b,e,w,v
p,y,n,b,e,w,v
p,y,n,b,e,w,v
p,s,n,b,e,w,v
p,s,n,b,e,w,v
p,s,n,b,e,w,v
p,s,n,b,e,w,v
p,s,n,b,e,w,v
p,s,n,b,e,w,v
p,y,n,b,e,w,v
p,y,n,b,e,w,v
p,s,n,b,e,w,v
p,s,n,b,e,w,v
p,y,n,b,e,w,v
e,s,b,n,p,o,c
p,s,n,b,e,w,v
p,y,n,b,e,w,v
p,y,n,b,e,w,v
p,s,n,b,e,w,v
p,y,n,b,e,w,v
p,s,n,b,e,w,v
p,s,n,b,e,w,v
p,y,n,b,e,w,v
p,s,n,b,e,w,v
p,y,n,b,e,w,v
p,y,n,b,e,w,v
p,y,n,b,e,w,v
p,s,n,b,e,w,v
p,s,n,b,e,w,v
p,y,n,b,e,w,v
p,s,n,b,e,w,v
p,s,n,b,e,w,v
p,s,n,b,e,w,v
p,s,n,b,e,w,v
p,y,n,b,e,w,v
p,s,n,b,e,w,v
p,s,n,b,e,w,v
p,s,n,b,e,w,v
p,s,n,b,e,w,v
p,y,n,b,e,w,v
p,s,n,b,e,w,v
e,f,b,w,p,w,n
p,s,n,b,e,w,v
p,y,n,b,e,w,v
p,y,n,b,e,w,v
p,s,n,b,e,w,v
p,s,n,b,e,w,v
p,s,n,b,e,w,v
p,s,n,b,e,w,v
p,y,n,b,e,w,v
p,s,n,b,e,w,v
p,s,n,b,e,w,v
p,s,n,b,e,w,v
p,s,n,b,e,w,v
e,s,b,n,p,y,v
p,s,n,b,e,w,v
p,s,n,b,e,w,v
p,y,n,b,e,w,v
e,y,b,w,p,w,y
e,s,b,w,p,w,n
e,f,b,g,p,w,s
p,y,n,b,e,w,v
e,s,b,o,p,o,c
p,s,n,b,e,w,v
p,y,n,y,e,w,c
p,s,n,b,e,w,v
e,s,b,g,p,w,n
p,y,n,b,e,w,v
p,s,n,b,e,w,v
p,s,n,b,e,w,v
p,s,n,b,e,w,v
e,f,b,w,p,w,s
p,s,n,b,e,w,v
p,s,n,b,e,w,v
p,s,n,b,e,w,v
p,y,n,b,e,w,v
p,s,n,b,e,w,v
e,s,b,o,p,n,c
e,y,b,w,p,w,y
p,y,n,b,e,w,v
p,s,n,b,e,w,v
e,s,b,w,p,w,n
p,s,n,b,e,w,v
p,y,n,b,e,w,v
e,f,b,p,p,w,s
p,s,n,b,e,w,v
p,y,n,b,e,w,v
e,y,b,w,p,w,v
p,s,n,b,e,w,v
p,y,n,b,e,w,v
p,y,b,w,n,w,c
p,s,n,b,e,w,v
p,y,n,b,e,w,v
p,s,n,b,e,w,v
p,y,n,b,e,w,v
p,y,n,b,e,w,v
e,f,b,w,p,w,s
p,s,n,b,e,w,v
p,s,n,b,e,w,v
p,s,n,b,e,w,v
p,s,n,b,e,w,v
p,y,n,b,e,w,v
e,f,b,g,p,w,s
p,s,n,b,e,w,v
p,y,n,b,e,w,v
p,s,n,b,e,w,v
p,s,n,b,e,w,v
p,y,n,b,e,w,v
p,s,n,b,e,w,v
p,y,n,b,e,w,v
e,s,b,w,p,w,y
p,s,n,b,e,w,v
e,s,b,w,p,w,y
p,s,n,b,e,w,v
p,y,n,b,e,w,v
p,s,n,b,e,w,v
e,f,b,w,p,w,s
p,y,n,b,e,w,v
p,s,n,b,e,w,v
p,s,n,b,e,w,v
p,s,n,b,e,w,v
p,s,n,b,e,w,v
p,s,n,b,e,w,v
p,s,n,b,e,w,v
e,s,b,w,p,w,y
p,s,n,b,e,w,v
p,y,n,b,e,w,v
p,s,n,b,e,w,v
e,s,b,n,p,n,c
e,s,b,p,p,w,n
p,s,n,b,e,w,v
e,s,b,y,p,o,c
p,y,n,b,e,w,v
e,f,b,p,p,w,s
e,s,b,y,p,o,v
p,y,n,b,e,w,v
p,s,n,b,e,w,v
e,s,b,w,p,w,s
e,s,b,g,p,w,n
e,s,b,p,p,w,s
p,s,n,b,e,w,v
p,s,n,b,e,w,v
p,y,n,b,e,w,v
e,s,b,g,p,w,s
p,s,n,b,e,w,v
p,y,n,b,e,w,v
e,s,b,p,p,w,s
e,s,b,w,p,w,n
p,y,n,b,e,w,v
p,s,n,b,e,w,v
e,f,b,g,p,w,s
e,f,b,g,p,w,n
p,s,n,b,e,w,v
e,s,b,w,p,w,v
p,s,n,b,e,w,v
p,s,n,b,e,w,v
e,s,b,y,p,b,c
p,y,n,b,e,w,v
p,s,n,b,e,w,v
p,s,n,b,e,w,v
p,s,n,b,e,w,v
e,f,b,g,p,w,n
e,s,b,o,p,n,c
e,f,b,g,p,w,s
e,s,b,n,p,o,v
e,s,b,y,p,b,v
p,y,n,b,e,w,v
e,f,b,p,p,w,n
e,f,b,g,p,w,s
e,s,b,o,p,n,v
p,y,n,b,e,w,v
p,y,n,b,e,w,v
p,y,n,b,e,w,v
p,y,n,b,e,w,v
p,s,n,b,e,w,v
p,s,n,b,e,w,v
e,s,b,o,p,o,v
p,s,n,b,e,w,v
p,s,n,b,e,w,v
p,s,n,b,e,w,v
p,s,n,b,e,w,v
p,s,n,b,e,w,v
p,s,n,b,e,w,v
p,y,n,b,e,w,v
p,s,n,b,e,w,v
p,y,b,w,n,w,c
p,s,n,b,e,w,v
p,s,n,b,e,w,v
p,y,n,b,e,w,v
p,s,n,b,e,w,v
p,y,n,b,e,w,v
p,y,n,b,e,w,v
p,s,n,b,e,w,v
p,s,n,b,e,w,v
p,y,n,b,e,w,v
e,s,b,y,p,n,c
p,s,n,b,e,w,v
p,y,n,b,e,w,v
p,s,n,b,e,w,v
p,s,n,b,e,w,v
p,s,n,b,e,w,v
e,f,b,w,p,w,s
p,y,n,b,e,w,v
p,s,n,b,e,w,v
e,f,b,g,p,w,n
e,s,b,n,p,n,v
p,s,n,b,e,w,v
p,y,n,b,e,w,v
p,s,n,b,e,w,v
p,y,n,b,e,w,v
e,f,b,g,p,w,n
p,y,b,y,n,w,c
p,y,n,b,e,w,v
p,y,n,b,e,w,v
e,s,b,p,p,w,s
p,s,n,b,e,w,v
p,s,n,b,e,w,v
p,y,n,b,e,w,v
p,s,n,b,e,w,v
p,y,n,b,e,w,v
p,y,n,b,e,w,v
e,f,b,w,p,w,n
p,y,b,w,n,w,c
p,y,n,b,e,w,v
p,s,n,b,e,w,v
p,y,n,b,e,w,v
p,s,n,b,e,w,v
p,s,n,b,e,w,v
p,y,n,b,e,w,v
e,f,b,w,p,w,n
p,s,n,b,e,w,v
p,y,n,b,e,w,v
p,s,n,b,e,w,v
e,s,b,w,p,w,n
p,y,n,b,e,w,v
p,s,n,b,e,w,v
p,y,n,b,e,w,v
e,s,b,n,p,y,v
p,y,n,b,e,w,v
p,y,n,b,e,w,v
p,s,n,b,e,w,v
p,s,n,b,e,w,v
e,s,b,o,p,b,v
e,s,b,p,p,w,s
e,s,b,n,p,n,v
e,f,b,p,p,w,n
p,s,n,b,e,w,v
p,y,n,b,e,w,v
p,s,n,b,e,w,v
p,s,n,b,e,w,v
e,s,b,p,p,w,n
p,s,n,b,e,w,v
p,s,n,b,e,w,v
p,y,b,w,n,w,c
p,s,n,b,e,w,v
p,s,n,b,e,w,v
p,y,n,b,e,w,v
e,s,b,w,p,w,s
p,s,n,b,e,w,v
p,s,n,b,e,w,v
p,y,n,b,e,w,v
p,s,n,b,e,w,v
e,s,b,g,p,w,n
p,s,n,b,e,w,v
p,s,n,b,e,w,v
e,s,b,w,p,w,s
p,s,n,b,e,w,v
p,y,n,b,e,w,v
p,y,b,y,n,w,c
e,f,b,g,p,w,s
p,s,n,b,e,w,v
p,s,n,b,e,w,v
p,y,n,b,e,w,v
e,s,b,y,p,y,c
p,y,n,b,e,w,v
p,y,n,b,e,w,v
e,s,b,n,p,b,c
p,s,n,b,e,w,v
p,s,n,b,e,w,v
p,s,n,b,e,w,v
p,s,n,b,e,w,v
e,y,b,w,p,w,y
e,s,b,n,p,n,c
e,s,b,g,p,w,n
e,s,b,w,p,w,n
p,y,n,b,e,w,v
p,y,n,b,e,w,v
e,s,b,o,p,y,c
p,s,n,b,e,w,v
p,s,n,b,e,w,v
p,s,n,b,e,w,v
p,y,n,b,e,w,v
p,y,n,b,e,w,v
p,s,n,b,e,w,v
e,y,b,w,p,w,y
p,s,n,b,e,w,v
p,s,n,b,e,w,v
p,y,n,b,e,w,v
p,s,n,b,e,w,v
e,f,b,w,p,w,n
p,s,n,b,e,w,v
e,f,b,p,p,w,s
p,s,n,b,e,w,v
e,s,b,p,p,w,n
e,s,b,y,p,y,c
e,f,b,g,p,w,n
p,s,n,b,e,w,v
e,f,b,g,p,w,n
p,y,n,b,e,w,v
p,s,n,b,e,w,v
p,s,n,b,e,w,v
p,y,n,b,e,w,v
p,y,n,b,e,w,v
e,s,b,g,p,w,n
e,s,b,w,p,w,n
e,s,b,y,p,y,v
e,s,b,g,p,w,n
p,s,n,b,e,w,v
p,y,n,b,e,w,v
e,s,b,n,p,y,v
e,s,b,w,p,w,n
e,s,b,g,p,w,s
p,y,n,b,e,w,v
e,s,b,o,p,b,c
e,s,b,w,p,w,n
e,s,b,p,p,w,n
p,s,n,b,e,w,v
p,y,n,b,e,w,v
e,s,b,n,p,o,c
p,s,n,b,e,w,v
p,s,n,b,e,w,v
p,s,n,b,e,w,v
e,s,b,y,p,y,v
e,f,b,w,p,w,s
e,s,b,o,p,o,c
p,s,n,b,e,w,v
p,y,n,b,e,w,v
p,y,n,b,e,w,v
p,s,n,b,e,w,v
e,s,b,n,p,n,c
p,s,n,b,e,w,v
e,s,b,o,p,o,v
p,s,n,b,e,w,v
e,s,b,p,p,w,s
p,y,n,b,e,w,v
p,y,n,b,e,w,v
e,f,b,g,p,w,s
p,s,n,b,e,w,v
e,s,b,w,p,w,n
e,f,b,p,p,w,n
p,y,n,b,e,w,v
p,y,b,w,n,w,c
p,y,n,b,e,w,v
p,s,n,b,e,w,v
e,f,b,g,p,w,n
p,y,n,b,e,w,v
e,s,b,g,p,w,n
p,s,n,b,e,w,v
p,y,n,b,e,w,v
e,s,b,w,p,w,s
p,y,n,b,e,w,v
e,s,b,w,p,w,s
p,s,n,b,e,w,v
e,s,b,w,p,w,n
e,s,b,n,p,n,v
p,s,n,b,e,w,v
p,y,n,b,e,w,v
e,f,b,w,p,w,n
p,y,b,y,n,w,c
p,s,n,b,e,w,v
p,s,n,b,e,w,v
p,y,n,b,e,w,v
p,s,n,b,e,w,v
e,s,b,o,p,b,c
p,y,n,b,e,w,v
e,y,b,w,p,w,y
e,s,b,w,p,w,n
p,y,n,y,e,w,c
p,s,n,b,e,w,v
p,y,n,b,e,w,v
e,s,b,o,p,n,c
e,s,b,p,p,w,n
p,s,n,b,e,w,v
p,y,n,b,e,w,v
e,f,b,w,p,w,n
e,s,b,n,p,o,c
p,s,n,b,e,w,v
p,s,n,b,e,w,v
e,f,b,g,p,w,s
p,y,n,b,e,w,v
e,f,b,g,p,w,s
p,y,n,b,e,w,v
e,s,b,p,p,w,n
e,s,b,g,p,w,n
p,s,n,b,e,w,v
p,s,n,b,e,w,v
e,f,b,p,p,w,n
p,s,n,b,e,w,v
p,s,n,b,e,w,v
p,s,n,b,e,w,v
p,y,b,y,n,w,c
p,y,n,b,e,w,v
e,s,b,o,p,y,c
p,y,n,b,e,w,v
e,s,b,y,p,y,v
e,s,b,g,p,w,n
p,y,n,b,e,w,v
p,s,n,b,e,w,v
p,s,n,b,e,w,v
p,s,n,b,e,w,v
e,f,b,g,p,w,s
e,s,b,p,p,w,n
p,y,b,w,n,w,c
p,y,n,b,e,w,v
p,y,n,b,e,w,v
p,y,n,b,e,w,v
p,y,b,y,n,w,c
p,y,n,b,e,w,v
e,s,b,g,p,w,n
p,y,n,b,e,w,v
e,f,b,p,p,w,s
p,s,n,b,e,w,v
e,s,b,p,p,w,s
e,s,b,p,p,w,s
p,s,n,b,e,w,v
e,s,b,n,p,y,c
e,y,b,w,p,w,y
e,s,b,g,p,w,n
p,y,n,b,e,w,v
p,s,n,b,e,w,v
p,s,n,b,e,w,v
e,f,b,p,p,w,n
e,f,b,p,p,w,s
e,s,b,w,p,w,y
e,f,b,w,p,w,s
p,s,n,b,e,w,v
p,y,n,b,e,w,v
p,s,n,b,e,w,v
p,y,n,b,e,w,v
e,s,b,o,p,o,c
p,y,n,w,e,w,c
p,y,b,w,n,w,c
p,s,n,b,e,w,v
e,y,b,w,p,w,v
p,y,n,b,e,w,v
e,s,b,g,p,w,n
e,s,b,p,p,w,s
e,s,b,o,p,b,v
e,s,b,w,p,w,y
p,s,n,b,e,w,v
p,y,n,b,e,w,v
p,s,n,b,e,w,v
p,s,n,b,e,w,v
p,y,b,y,n,w,c
p,y,n,b,e,w,v
e,s,b,o,p,y,v
p,s,n,b,e,w,v
e,s,b,p,p,w,s
p,s,n,b,e,w,v
p,y,n,b,e,w,v
p,s,n,b,e,w,v
p,y,n,b,e,w,v
p,s,n,b,e,w,v
p,y,n,b,e,w,v
e,s,b,p,p,w,s
p,y,n,b,e,w,v
e,f,b,g,p,w,s
p,y,n,y,e,w,c
p,s,n,b,e,w,v
p,y,n,b,e,w,v
e,s,b,g,p,w,s
e,s,b,n,p,y,v
e,s,b,o,p,n,c
p,y,n,b,e,w,v
p,s,n,b,e,w,v
e,s,b,p,p,w,s
e,s,b,n,p,n,c
e,s,b,y,p,n,v
p,s,n,b,e,w,v
e,s,b,w,p,w,v
e,f,b,w,p,w,s
p,s,n,b,e,w,v
e,f,b,p,p,w,n
p,s,n,b,e,w,v
p,y,n,b,e,w,v
p,y,n,b,e,w,v
e,s,b,w,p,w,y
p,y,n,b,e,w,v
p,y,n,b,e,w,v
e,s,b,y,p,b,c
p,y,n,b,e,w,v
p,y,n,b,e,w,v
p,y,n,b,e,w,v
p,y,n,b,e,w,v
p,s,n,b,e,w,v
p,y,n,b,e,w,v
e,s,b,n,p,o,c
p,s,n,b,e,w,v
e,s,b,p,p,w,s
e,s,b,n,p,o,v
p,s,n,b,e,w,v
e,s,b,n,p,o,v
p,s,n,b,e,w,v
e,y,b,w,p,w,y
e,f,b,g,p,w,n
e,y,b,w,p,w,y
p,s,n,b,e,w,v
p,y,n,b,e,w,v
p,y,n,b,e,w,v
p,y,n,b,e,w,v
e,s,b,y,p,b,v
p,y,n,b,e,w,v
p,s,n,b,e,w,v
p,s,n,b,e,w,v
e,s,b,n,p,y,c
e,f,b,g,p,w,n
p,s,n,b,e,w,v
p,y,n,b,e,w,v
p,y,n,b,e,w,v
p,s,n,b,e,w,v
p,y,n,b,e,w,v
e,s,b,o,p,o,c
e,s,b,g,p,w,s
p,y,b,w,n,w,c
p,y,n,b,e,w,v
p,y,n,b,e,w,v
p,s,n,b,e,w,v
p,y,n,b,e,w,v
p,s,n,b,e,w,v
p,s,n,b,e,w,v
p,s,n,b,e,w,v
e,f,b,w,p,w,s
p,y,b,y,n,w,c
e,s,b,w,p,w,v
p,s,n,b,e,w,v
p,y,b,y,n,w,c
e,f,b,p,p,w,n
p,y,n,b,e,w,v
p,s,n,b,e,w,v
p,y,n,b,e,w,v
e,s,b,n,p,y,c
p,y,n,b,e,w,v
p,y,n,b,e,w,v
p,s,n,b,e,w,v
p,y,n,b,e,w,v
p,y,n,b,e,w,v
p,y,n,b,e,w,v
e,s,b,p,p,w,s
e,s,b,g,p,w,s
p,s,n,b,e,w,v
p,s,n,b,e,w,v
p,y,n,b,e,w,v
p,y,n,b,e,w,v
p,y,n,b,e,w,v
p,s,n,b,e,w,v
e,s,b,o,p,o,c
p,s,n,b,e,w,v
p,s,n,b,e,w,v
e,f,b,p,p,w,n
p,y,n,b,e,w,v
e,s,b,n,p,o,c
p,y,n,b,e,w,v
p,y,n,b,e,w,v
p,y,n,b,e,w,v
p,s,n,b,e,w,v
e,s,b,y,p,b,c
e,s,b,o,p,n,c
e,s,b,g,p,w,s
p,s,n,b,e,w,v
e,s,b,n,p,n,c
p,y,n,b,e,w,v
e,f,b,g,p,w,s
e,s,b,p,p,w,n
p,s,n,b,e,w,v
e,s,b,n,p,b,c
e,s,b,p,p,w,n
e,s,b,w,p,w,y
e,s,b,g,p,w,s
e,s,b,g,p,w,n
p,y,b,y,n,w,c
e,s,b,y,p,y,c
p,s,n,b,e,w,v
e,s,b,p,p,w,n
e,f,b,g,p,w,s
p,y,n,b,e,w,v
p,y,n,b,e,w,v
p,s,n,b,e,w,v
e,s,b,y,p,n,v
e,s,b,w,p,w,v
p,y,n,b,e,w,v
p,s,n,b,e,w,v
e,s,b,p,p,w,s
p,y,n,b,e,w,v
e,s,b,y,p,b,c
p,s,n,b,e,w,v
p,y,n,b,e,w,v
e,s,b,n,p,y,v
e,f,b,g,p,w,n
e,s,b,n,p,b,v
p,s,n,b,e,w,v
e,s,b,g,p,w,s
p,y,n,b,e,w,v
e,f,b,w,p,w,s
p,s,n,b,e,w,v
p,y,n,b,e,w,v
p,s,n,b,e,w,v
e,s,b,w,p,w,y
p,s,n,b,e,w,v
e,s,b,g,p,w,s
p,y,n,b,e,w,v
p,s,n,b,e,w,v
e,f,b,w,p,w,n
p,y,n,b,e,w,v
p,s,n,b,e,w,v
p,y,n,b,e,w,v
p,y,n,b,e,w,v
p,y,n,b,e,w,v
e,f,b,g,p,w,s
e,s,b,g,p,w,n
e,s,b,w,p,w,s
p,y,n,b,e,w,v
p,s,n,b,e,w,v
p,y,n,b,e,w,v
p,s,n,b,e,w,v
p,y,n,b,e,w,v
p,s,n,b,e,w,v
p,s,n,b,e,w,v
p,y,n,w,e,w,c
e,s,b,w,p,w,y
e,f,b,p,p,w,s
p,s,n,b,e,w,v
p,s,n,b,e,w,v
p,y,n,b,e,w,v
e,f,b,p,p,w,n
e,s,b,g,p,w,n
p,y,n,b,e,w,v
e,s,b,y,p,n,c
p,s,n,b,e,w,v
p,s,n,b,e,w,v
e,s,b,n,p,o,v
p,s,n,b,e,w,v
p,s,n,b,e,w,v
p,s,n,b,e,w,v
p,y,n,b,e,w,v
e,s,b,g,p,w,s
p,s,n,b,e,w,v
p,y,n,b,e,w,v
e,s,b,o,p,b,c
p,s,n,b,e,w,v
e,s,b,o,p,b,v
e,f,b,w,p,w,s
e,s,b,w,p,w,n
p,y,n,b,e,w,v
p,y,n,b,e,w,v
p,y,b,y,n,w,c
e,s,b,y,p,y,c
p,s,n,b,e,w,v
p,s,n,b,e,w,v
p,y,n,b,e,w,v
e,s,b,p,p,w,s
e,s,b,p,p,w,s
e,f,b,p,p,w,n
p,y,n,b,e,w,v
p,y,n,b,e,w,v
e,s,b,p,p,w,s
e,s,b,w,p,w,s
e,f,b,p,p,w,n
e,s,b,n,p,b,c
p,y,n,b,e,w,v
p,s,n,b,e,w,v
p,s,n,b,e,w,v
p,y,n,b,e,w,v
e,s,b,y,p,o,v
e,f,b,w,p,w,s
p,s,n,b,e,w,v
p,s,n,b,e,w,v
p,y,n,b,e,w,v
p,s,n,b,e,w,v
p,y,n,b,e,w,v
p,y,n,b,e,w,v
p,y,n,b,e,w,v
e,s,b,w,p,w,s
p,y,n,b,e,w,v
e,y,b,w,p,w,v
e,s,b,n,p,n,v
p,s,n,b,e,w,v
e,f,b,g,p,w,s
p,y,n,b,e,w,v
e,f,b,p,p,w,s
p,s,n,b,e,w,v
e,s,b,p,p,w,s
p,y,n,b,e,w,v
p,y,n,b,e,w,v
e,s,b,w,p,w,n
p,y,n,b,e,w,v
e,s,b,o,p,o,v
p,s,n,b,e,w,v
e,s,b,y,p,n,c
e,f,b,w,p,w,n
p,s,n,b,e,w,v
e,s,b,y,p,b,v
e,y,b,w,p,w,y
p,y,n,b,e,w,v
p,y,n,w,e,w,c
p,s,n,b,e,w,v
p,y,n,b,e,w,v
p,y,b,y,n,w,c
e,s,b,y,p,o,v
p,s,n,b,e,w,v
e,s,b,g,p,w,s
p,y,b,w,n,w,c
p,s,n,b,e,w,v
e,s,b,o,p,b,c
e,y,b,w,p,w,y
p,s,n,b,e,w,v
p,s,n,b,e,w,v
e,s,b,w,p,w,s
e,y,b,w,p,w,v
p,s,n,b,e,w,v
e,s,b,o,p,y,c
p,s,n,b,e,w,v
p,y,b,y,n,w,c
p,y,n,b,e,w,v
p,s,n,b,e,w,v
p,s,n,b,e,w,v
p,s,n,b,e,w,v
p,y,n,b,e,w,v
p,y,n,b,e,w,v
p,s,n,b,e,w,v
e,f,b,p,p,w,n
e,s,b,o,p,y,v
p,y,n,b,e,w,v
e,s,b,p,p,w,n
e,s,b,n,p,y,c
p,s,n,b,e,w,v
e,f,b,p,p,w,s
e,f,b,w,p,w,n
e,s,b,o,p,b,c
e,s,b,p,p,w,n
e,s,b,w,p,w,n
e,f,b,p,p,w,n
p,s,n,b,e,w,v
p,y,n,b,e,w,v
p,s,n,b,e,w,v
p,y,n,b,e,w,v
p,y,n,b,e,w,v
p,s,n,b,e,w,v
p,s,n,b,e,w,v
e,s,b,y,p,n,v
p,s,n,b,e,w,v
e,s,b,o,p,y,v
p,s,n,b,e,w,v
e,s,b,y,p,n,v
p,s,n,b,e,w,v
p,y,n,b,e,w,v
e,f,b,p,p,w,s
p,y,n,b,e,w,v
e,s,b,w,p,w,s
p,s,n,b,e,w,v
p,s,n,b,e,w,v
p,y,n,b,e,w,v
e,s,b,p,p,w,n
e,s,b,g,p,w,s
p,y,n,b,e,w,v
e,s,b,w,p,w,y
p,s,n,b,e,w,v
p,y,n,b,e,w,v
e,s,b,y,p,o,v
p,s,n,b,e,w,v
p,y,n,b,e,w,v
e,s,b,o,p,y,c
p,y,n,b,e,w,v
e,s,b,w,p,w,s
e,s,b,y,p,b,c
p,y,n,b,e,w,v
p,s,n,b,e,w,v
p,s,n,b,e,w,v
p,y,n,b,e,w,v
e,s,b,w,p,w,s
p,y,n,b,e,w,v
p,y,n,b,e,w,v
p,y,n,b,e,w,v
p,s,n,b,e,w,v
p,s,n,b,e,w,v
p,y,b,w,n,w,c
p,y,n,b,e,w,v
e,f,b,g,p,w,n
e,f,b,p,p,w,n
p,y,n,b,e,w,v
p,s,n,b,e,w,v
p,s,n,b,e,w,v
e,s,b,w,p,w,n
e,s,b,g,p,w,n
p,y,n,b,e,w,v
p,y,n,b,e,w,v
p,y,n,b,e,w,v
e,f,b,p,p,w,s
p,y,n,b,e,w,v
e,s,b,y,p,b,v
p,y,n,b,e,w,v
p,s,n,b,e,w,v
e,s,b,y,p,y,v
e,s,b,o,p,n,v
e,s,b,w,p,w,n
e,s,b,y,p,y,c
p,y,n,b,e,w,v
e,s,b,y,p,n,c
e,s,b,y,p,n,c
e,f,b,g,p,w,n
p,y,n,b,e,w,v
e,s,b,n,p,b,v
p,s,n,b,e,w,v
e,s,b,w,p,w,s
e,s,b,g,p,w,s
e,s,b,y,p,b,v
e,s,b,y,p,b,c
p,y,n,b,e,w,v
e,f,b,w,p,w,n
p,s,n,b,e,w,v
p,y,n,b,e,w,v
p,y,n,b,e,w,v
p,s,n,b,e,w,v
p,y,n,b,e,w,v
p,y,n,b,e,w,v
e,s,b,g,p,w,n
p,s,n,b,e,w,v
p,s,n,b,e,w,v
p,s,n,b,e,w,v
e,f,b,w,p,w,n
e,s,b,o,p,o,c
p,s,n,b,e,w,v
p,y,n,b,e,w,v
p,s,n,b,e,w,v
p,y,n,b,e,w,v
p,y,n,b,e,w,v
e,s,b,g,p,w,s
p,s,n,b,e,w,v
p,y,n,b,e,w,v
e,s,b,g,p,w,n
e,s,b,y,p,b,v
e,s,b,p,p,w,n
p,s,n,b,e,w,v
p,y,n,b,e,w,v
p,s,n,b,e,w,v
e,s,b,o,p,n,c
p,s,n,b,e,w,v
p,s,n,b,e,w,v
p,y,n,b,e,w,v
e,f,b,p,p,w,s
p,s,n,b,e,w,v
e,s,b,o,p,b,v
e,y,b,w,p,w,y
p,y,n,b,e,w,v
e,s,b,g,p,w,s
p,y,n,b,e,w,v
e,s,b,p,p,w,s
e,s,b,g,p,w,n
p,y,n,b,e,w,v
p,y,n,b,e,w,v
e,y,b,w,p,w,v
e,f,b,w,p,w,s
p,y,n,b,e,w,v
p,s,n,b,e,w,v
p,s,n,b,e,w,v
e,f,b,p,p,w,s
e,s,b,n,p,n,v
p,y,n,b,e,w,v
p,s,n,b,e,w,v
e,f,b,p,p,w,s
p,y,b,y,n,w,c
e,s,b,y,p,o,v
p,s,n,b,e,w,v
e,s,b,o,p,o,v
e,f,b,w,p,w,n
p,s,n,b,e,w,v
e,f,b,p,p,w,n
e,y,b,w,p,w,v
p,y,n,b,e,w,v
e,f,b,w,p,w,n
e,s,b,o,p,y,c
p,s,n,b,e,w,v
p,s,n,b,e,w,v
p,y,n,b,e,w,v
e,s,b,o,p,o,c
p,y,n,b,e,w,v
e,f,b,p,p,w,s
p,y,n,b,e,w,v
e,s,b,w,p,w,y
e,f,b,w,p,w,s
p,y,n,b,e,w,v
p,y,n,b,e,w,v
p,s,n,b,e,w,v
e,s,b,n,p,o,c
e,s,b,w,p,w,n
e,s,b,y,p,o,c
p,y,b,w,n,w,c
p,y,n,b,e,w,v
p,y,n,b,e,w,v
e,s,b,y,p,y,v
e,s,b,n,p,o,c
e,y,b,w,p,w,v
p,s,n,b,e,w,v
p,y,n,b,e,w,v
p,s,n,b,e,w,v
p,y,n,b,e,w,v
p,y,n,b,e,w,v
e,s,b,w,p,w,v
e,s,b,o,p,n,c
e,f,b,w,p,w,n
e,f,b,g,p,w,s
e,s,b,y,p,o,c
e,s,b,n,p,o,c
e,f,b,g,p,w,n
p,y,n,b,e,w,v
e,f,b,g,p,w,s
p,y,n,b,e,w,v
p,y,n,b,e,w,v
e,s,b,o,p,y,v
e,y,b,w,p,w,y
e,s,b,p,p,w,n
p,y,n,b,e,w,v
p,s,n,b,e,w,v
p,s,n,b,e,w,v
e,s,b,o,p,y,c
e,s,b,y,p,n,v
e,f,b,w,p,w,s
e,f,b,g,p,w,n
e,f,b,g,p,w,n
e,s,b,o,p,o,v
p,y,n,b,e,w,v
e,s,b,y,p,o,v
p,s,n,b,e,w,v
p,y,b,y,n,w,c
p,s,n,b,e,w,v
e,s,b,w,p,w,y
e,s,b,y,p,y,c
e,y,b,w,p,w,y
p,s,n,b,e,w,v
p,s,n,b,e,w,v
p,y,n,b,e,w,v
e,f,b,g,p,w,s
e,s,b,y,p,o,c
p,s,n,b,e,w,v
p,s,n,b,e,w,v
e,s,b,n,p,n,v
e,s,b,n,p,n,c
e,y,b,w,p,w,y
e,s,b,w,p,w,s
e,s,b,n,p,o,v
p,s,n,b,e,w,v
p,y,n,b,e,w,v
p,s,n,b,e,w,v
p,s,n,b,e,w,v
e,s,b,o,p,n,v
e,s,b,y,p,y,v
p,s,n,b,e,w,v
e,s,b,n,p,b,v
e,s,b,w,p,w,s
e,f,b,p,p,w,s
e,f,b,g,p,w,n
e,s,b,w,p,w,s
e,f,b,p,p,w,s
p,s,n,b,e,w,v
p,y,n,b,e,w,v
p,s,n,b,e,w,v
p,y,n,b,e,w,v
e,s,b,y,p,y,c
p,y,n,b,e,w,v
p,s,n,b,e,w,v
e,s,b,w,p,w,s
p,y,n,b,e,w,v
p,s,n,b,e,w,v
e,s,b,n,p,b,c
e,f,b,p,p,w,n
e,s,b,n,p,b,v
p,y,n,b,e,w,v
e,y,b,w,p,w,y
p,s,n,b,e,w,v
e,s,b,n,p,y,v
p,y,n,b,e,w,v
e,s,b,n,p,y,c
e,f,b,g,p,w,n
p,s,n,b,e,w,v
p,s,n,b,e,w,v
p,y,n,b,e,w,v
p,s,n,b,e,w,v
e,f,b,w,p,w,s
e,s,b,y,p,o,v
p,y,n,b,e,w,v
e,s,b,n,p,n,v
e,s,b,o,p,y,v
p,s,n,b,e,w,v
p,s,n,b,e,w,v
p,s,n,b,e,w,v
p,s,n,b,e,w,v
p,y,n,b,e,w,v
e,f,b,w,p,w,s
p,y,n,b,e,w,v
e,s,b,y,p,b,v
p,s,n,b,e,w,v
e,s,b,o,p,b,c
e,s,b,n,p,y,v
p,y,n,b,e,w,v
e,s,b,n,p,y,v
e,f,b,w,p,w,n
e,s,b,o,p,o,c
e,s,b,o,p,y,c
e,s,b,o,p,o,v
e,f,b,g,p,w,s
p,y,n,b,e,w,v
p,s,n,b,e,w,v
p,y,n,b,e,w,v
p,s,n,b,e,w,v
p,y,n,b,e,w,v
e,f,b,p,p,w,s
e,f,b,g,p,w,s
e,s,b,n,p,o,v
p,s,n,b,e,w,v
e,s,b,n,p,n,v
p,y,n,b,e,w,v
p,s,n,b,e,w,v
p,y,n,b,e,w,v
p,y,n,b,e,w,v
p,s,n,b,e,w,v
e,s,b,g,p,w,n
p,y,b,y,n,w,c
e,f,b,w,p,w,n
p,y,n,b,e,w,v
p,s,n,b,e,w,v
e,f,b,w,p,w,s
e,s,b,o,p,b,v
p,s,n,b,e,w,v
e,s,b,y,p,n,c
e,s,b,y,p,o,c
e,s,b,y,p,n,v
e,s,b,w,p,w,n
e,s,b,o,p,n,v
e,s,b,p,p,w,n
p,y,n,b,e,w,v
p,y,b,y,n,w,c
e,s,b,y,p,o,v
p,y,n,b,e,w,v
p,s,n,b,e,w,v
p,y,n,b,e,w,v
e,s,b,y,p,b,c
e,s,b,n,p,b,c
e,s,b,y,p,o,c
